h3,city,no_vehicle,buildings,lat,lon
892a3066363ffff,Boston,1447.6901159416398,35,42.345109529116144,-71.08927730297627
892a30660afffff,Boston,972.8216385152754,118,42.36393239925086,-71.05583487086335
892a306614bffff,Boston,951.6418889095316,6,42.35261512018109,-71.06389253141352
892a306466fffff,Boston,904.1177508044083,13,42.34124753385833,-71.15365978375752
892a30660a3ffff,Boston,862.8557354533582,41,42.36584662667167,-71.05395678810095
892a306602bffff,Boston,849.1965183451164,74,42.360133261142884,-71.06679529447003
892a306632fffff,Boston,766.2326622515765,36,42.33954849989431,-71.08037776087326
892a306633bffff,Boston,764.5995193799436,21,42.34506678421508,-71.0809812407488
892a30645dbffff,Boston,755.0529830590566,27,42.34232341533448,-71.0995996147558
892a306650bffff,Boston,709.2753394730009,12,42.3687024992015,-71.0378686866532
892a306603bffff,Boston,703.1687289945671,7,42.363742605705866,-71.06463181954192
892a306602fffff,Boston,673.510201420409,65,42.35879843615073,-71.06521524039104
892a306632bffff,Boston,631.1173754313119,38,42.342231391060956,-71.08301975395757
892a30644a7ffff,Boston,613.4217763292518,24,42.3439986665422,-71.09717774880791
892a3066033ffff,Boston,600.623419730301,3,42.36418390103625,-71.05990934227759
892a3066eb3ffff,Boston,599.334100802071,19,42.33187770004583,-71.05290264770328
892a30646abffff,Boston,586.8315454529819,80,42.34747898323941,-71.1356850945123
892a30663a7ffff,Boston,586.0,5,42.34506229200014,-71.06708388230902
892a306600fffff,Boston,581.2986309464089,5,42.36556657209629,-71.0665943463924
892a306462bffff,Boston,565.123667618211,28,42.34204173030089,-71.14376110639763
892a306624bffff,Cambridge,562.7340996342348,72,42.37172708175197,-71.11051673665364
892a306636fffff,Boston,556.7634166444075,33,42.34219817873267,-71.09057742243132
892a3066347ffff,Boston,538.7593171027236,100,42.3504352929204,-71.08901763331491
892a30646bbffff,Boston,534.936462049028,111,42.35023045838588,-71.1335235945116
892a30665cbffff,Boston,513.8642480339863,8,42.37676724549143,-71.03972850582085
892a3066077ffff,Boston,509.95679249926474,5,42.364693786552884,-71.06848806262965
892a306616bffff,Boston,504.00000000000006,7,42.34492875269161,-71.0630779447956
892a306624fffff,Cambridge,499.58878786095534,53,42.36890802953716,-71.10819678624554
892a30671a3ffff,Cambridge,497.84110279517137,23,42.36566702167049,-71.11441013010749
892a3066373ffff,Boston,494.61806274551475,7,42.347271424950456,-71.0872856507951
892a30645d3ffff,Boston,492.97079974266455,41,42.342876201788826,-71.09628580858869
892a3066143ffff,Boston,484.037602789921,8,42.35247497863833,-71.06067667089438
892a3066113ffff,Boston,482.44648897881876,3,42.35225272878796,-71.0472340913734
892a306454fffff,Boston,477.375886372103,31,42.33154752851903,-71.11015306381283
892a30660abffff,Boston,476.08230339620593,17,42.366680214070534,-71.05658208762534
892a3064607ffff,Boston,471.05391352185313,55,42.3476679036368,-71.13893279359272
892a30645afffff,Boston,470.40973788334037,32,42.32608856359483,-71.0865012465301
892a3066313ffff,Boston,468.1662986973143,195,42.35314177418299,-71.07797144871985
892a3066393ffff,Boston,461.7551057830791,129,42.35863174654207,-71.06887082739024
892a30644afffff,Boston,448.8601552443018,7,42.34520880419945,-71.10315844267889
892a306628fffff,Cambridge,446.01730616962493,70,42.371577369212375,-71.0882645509447
892a3066263ffff,Cambridge,444.04823448383985,172,42.36324876852146,-71.10431622450679
892a3066e43ffff,Boston,441.7030750736611,13,42.33538637983781,-71.07584875672384
892a3064dc7ffff,Boston,440.58703387225,8,42.28028349614708,-71.0829557976595
892a306637bffff,Boston,438.4111618694456,16,42.34765208869382,-71.09075980658614
892a306631bffff,Boston,437.79164245790327,91,42.352535700678835,-71.08198062356607
892a3066e53ffff,Boston,436.32342116193905,8,42.336243890848195,-71.07514590532396
892a3064503ffff,Boston,435.0,1,42.33247629237499,-71.09520030901416
892a306612fffff,Boston,431.00000000000006,4,42.33962895294667,-71.04906313584264
892a306630bffff,Boston,428.81934731684885,49,42.35040236282987,-71.08463509730193
892a3066277ffff,Cambridge,424.31061808135865,50,42.36421883481333,-71.09937849600287
892a3066247ffff,Cambridge,423.270340949184,70,42.36879729164869,-71.10382868033284
892a306452bffff,Boston,420.63640851399987,11,42.32329595212217,-71.09813685951718
892a3066007ffff,Boston,418.0156851186914,3,42.36613203132362,-71.06181654951459
892a30646b3ffff,Boston,415.5935158389883,62,42.35084080798593,-71.12891724706367
892a306428bffff,Boston,411.99999999999994,2,42.337920893497866,-71.15269322539424
892a3064d9bffff,Boston,408.56357237381576,11,42.28386727170519,-71.07635992422948
892a3066047ffff,Cambridge,406.6525846157673,5,42.369707877044384,-71.07336078844352
892a30645a7ffff,Boston,397.6561062576277,57,42.325781948589125,-71.08338412043065
892a3066337ffff,Boston,393.0,1,42.34215043510322,-71.07367780188216
892a30645cfffff,Boston,392.80040232420936,2,42.335546611974465,-71.1000026298145
892a3066547ffff,Boston,392.0152816797564,3,42.36933990507052,-71.04186990510298
892a30665c7ffff,Boston,389.9356017242128,72,42.37554041439225,-71.0329576428048
892a30664afffff,Boston,385.0,1,42.381782203297334,-71.04011616162468
892a306627bffff,Cambridge,384.1427005594232,36,42.36618039919414,-71.10688190625595
892a3066a4bffff,Boston,383.0,1,42.315324105724606,-71.09720861991121
892a30663bbffff,Boston,376.99999999999994,2,42.349395232707906,-71.06999941828052
892a306463bffff,Boston,375.368887189329,41,42.34467030076946,-71.14120647574639
892a3066067ffff,Boston,373.001554727774,69,42.36008341238839,-71.07055859749238
892a30662a7ffff,Cambridge,371.6447927021896,3,42.36350907759219,-71.0831891169043
892a306444bffff,Boston,368.7766773889524,88,42.3530708157201,-71.12712641349594
892a3066b2fffff,Boston,367.3138668465873,16,42.28312176649458,-71.06494175818203
892a3064567ffff,Boston,365.0683311235937,5,42.32297027872674,-71.10213289737412
892a30640b7ffff,Boston,360.9400577402611,21,42.32963249213791,-71.1109560625288
892a306630fffff,Boston,359.70939294412545,2,42.34745094861195,-71.08358620735187
892a3066e5bffff,Boston,358.6097345927029,26,42.33757603212203,-71.07793970478855
892a306614fffff,Boston,354.4933586540252,5,42.351361012265556,-71.06233335528017
892a30663b7ffff,Boston,354.0,1,42.348316461065046,-71.06469374451667
892a3064dcfffff,Boston,338.50218589827284,19,42.28082318293167,-71.08754125764342
892a30665d7ffff,Boston,337.8322947570292,208,42.37728322264869,-71.03153030660998
892a3066e93ffff,Boston,337.4251811515945,2,42.33967017060756,-71.05345568410691
892a306604bffff,Cambridge,335.41001328918634,56,42.37193045891933,-71.08047676280765
892a30642d7ffff,Boston,327.71228821092814,10,42.339761754675564,-71.15482807431181
892a3066117ffff,Boston,319.4182744521915,4,42.35042638097103,-71.04363840449669
892a30661dbffff,Boston,317.9313966881804,4,42.361566311406854,-71.05356397600102
892a30663abffff,Boston,312.0,2,42.34699136700133,-71.07337127713862
892a3066b8fffff,Boston,305.00088762900253,1,42.295532231681484,-71.06018847249777
892a306412bffff,Boston,304.0,2,42.306109945115836,-71.11420078655787
892a306651bffff,Boston,303.1254347258831,7,42.3715203646464,-71.03726009127062
892a3074b83ffff,Boston,302.0,3,42.392968398574794,-71.00740908157296
892a3066267ffff,Cambridge,300.2432104940805,29,42.3615197867314,-71.1032676371682
892a3066a73ffff,Boston,300.12543232240597,1,42.30928293163797,-71.0887816233728
892a30671b3ffff,Cambridge,294.59787961118735,67,42.368703825711094,-71.11294098068724
892a306756fffff,Cambridge,290.4556390185582,48,42.37999310949849,-71.12188072833239
892a30671b7ffff,Cambridge,287.71277102939166,81,42.366747385049926,-71.11010183657775
892a3066367ffff,Boston,286.8989587386065,20,42.34168764047503,-71.08751911148532
892a30644abffff,Boston,286.79843695104984,63,42.346862391992275,-71.10497908500874
892a30670c7ffff,Cambridge,284.21709675430907,4,42.39330510482718,-71.1409386664707
892a306620fffff,Cambridge,280.5322374787703,161,42.36630099390582,-71.09756303093134
892a3066203ffff,Cambridge,278.38464057932725,111,42.3689182226905,-71.09532970627583
892a30661c3ffff,Boston,278.3620771565183,4,42.357637708336064,-71.05196211788451
892a3066a7bffff,Boston,276.874567677594,1,42.309505193292964,-71.09097959142856
892a3066303ffff,Boston,263.28778884087245,21,42.35126037152969,-71.08018273614645
892a30640b3ffff,Boston,259.2501166083191,30,42.331471879243715,-71.11186301097624
892a30645b7ffff,Boston,258.4456756419069,5,42.32935499607793,-71.08151827108233
892a3066b47ffff,Boston,258.37306445610096,12,42.294475440063486,-71.07537797065233
892a3066a97ffff,Boston,257.0,2,42.31784507506112,-71.06816140837432
892a3066ea7ffff,Boston,256.5331882731497,6,42.325804282123734,-71.05329095326869
892a306621bffff,Cambridge,255.9085477345755,86,42.371680145099205,-71.09752312606979
892a306634fffff,Boston,254.95307510343446,43,42.3498540943732,-71.09396090475319
892a3066307ffff,Boston,254.4938640009484,10,42.3463219200038,-71.0781951606389
892a3066ea3ffff,Boston,252.45643437172976,26,42.32888790231794,-71.05481581030412
892a3064617ffff,Boston,251.69286647879906,98,42.34994564261633,-71.13696572376958
892a3064623ffff,Boston,246.40173535660603,13,42.341886919605635,-71.14151739412546
892a3066383ffff,Boston,245.42833132536165,57,42.356143324917795,-71.07160082475578
892a3064667ffff,Boston,243.0,6,42.3422737023766,-71.14875922282884
892a306625bffff,Cambridge,240.5892903409179,55,42.37425907522392,-71.10808438685486
892a306468bffff,Boston,239.8747258825209,77,42.35544976949987,-71.13739701289111
892a3066287ffff,Cambridge,236.1795814057307,124,42.371428812439824,-71.08397144179456
892a306689bffff,Boston,236.0,1,42.32120483886091,-71.04384365732051
892a30665d3ffff,Boston,234.91355011807403,92,42.379395936954964,-71.03203124998976
892a30644b7ffff,Boston,233.75435884284497,9,42.347488089244784,-71.09422525145234
892a306455bffff,Boston,233.10176912933412,2,42.33546531733817,-71.10932735209428
892a3066adbffff,Boston,231.27420497223164,98,42.32345747631068,-71.08459733052283
892a30662b3ffff,Cambridge,229.50302240203942,220,42.3689247355672,-71.08222703543802
892a3064297ffff,Boston,225.04247825451267,5,42.337541505892645,-71.14647023790072
892a3066a93ffff,Boston,224.0,1,42.32089134681428,-71.06848050031127
892a3064547ffff,Boston,222.98587033050524,3,42.33068445595921,-71.10510643414942
892a30646c7ffff,Boston,218.58239487771905,17,42.354812280210055,-71.1421873277269
892a3066217ffff,Cambridge,218.0858647102088,122,42.368981724966275,-71.09101827998082
892a3064d57ffff,Boston,215.72757756579406,1,42.278176946596815,-71.08698071230468
892a306428fffff,Boston,215.1038395497879,2,42.33433723728493,-71.15178069413037
892a3064633ffff,Boston,214.70297122288056,63,42.34494139546055,-71.13787461399025
892a306454bffff,Boston,214.4876133167727,20,42.33313600783393,-71.11090331082143
892a3066243ffff,Cambridge,214.29518408980877,54,42.371366810761366,-71.10660957600618
892a306638fffff,Boston,213.69102234817967,88,42.35335539270249,-71.07390991657094
892a30644d7ffff,Cambridge,209.88775575349283,195,42.35832354388143,-71.10865377695629
892a3066043ffff,Cambridge,207.3650833370378,3,42.371548921403935,-71.07526423190996
892a306468fffff,Boston,206.411149749402,96,42.35231744701811,-71.13555919748514
892a306458fffff,Boston,206.39228645681646,7,42.33403540882765,-71.08832330180782
892a3066023ffff,Boston,203.63188056613595,26,42.36040743842581,-71.06380235344747
892a3064577ffff,Boston,201.08185221743332,36,42.32656449452375,-71.10111393820706
892a30644a3ffff,Boston,199.63987160134516,5,42.347893022079916,-71.09991904510593
892a3066ad3ffff,Boston,199.63810397879183,26,42.32318010396654,-71.08245139685052
892a30662a3ffff,Cambridge,199.48890767947665,6,42.366879511391545,-71.08355444804222
892a306626bffff,Cambridge,197.6434858718022,157,42.36353743301119,-71.10859755819659
892a3066167ffff,Boston,196.7693480555611,8,42.34218699115971,-71.05632063417093
892a3064613ffff,Boston,195.73037610167322,137,42.35276201848078,-71.14010338174967
892a3064db7ffff,Boston,194.6775262564775,7,42.272502708331736,-71.06706457778095
892a306444fffff,Boston,194.27215096044705,14,42.35103295476053,-71.12527171546951
892a3066c57ffff,Boston,194.0,8,42.33469978034453,-71.04148667860277
892a306757bffff,Cambridge,193.09853417770196,43,42.38520416995417,-71.1218192859497
892a3064603ffff,Boston,192.9283549838424,76,42.35081537645467,-71.14146285005282
892a3067187ffff,Cambridge,190.53065032860155,20,42.371562235324085,-71.1146048851503
892a3066e37ffff,Boston,189.1552517568918,160,42.32338356799142,-71.05847330463429
892a3066a2fffff,Boston,189.0,1,42.30077051020441,-71.07962938654887
892a3064687ffff,Boston,188.51722481813164,88,42.35304536838668,-71.13039166074147
892a3066ec3ffff,Boston,188.0,2,42.339139865316476,-71.06674061423955
892a306626fffff,Cambridge,187.5745723651679,194,42.36104552216056,-71.10628875939568
892a30671a7ffff,Cambridge,187.32715058793912,83,42.36382943166315,-71.11255002844022
892a3074b6fffff,Boston,186.59233770864657,27,42.37951199038642,-71.03049561651667
892a3064ba3ffff,Boston,183.6851893378274,4,42.253820132790615,-71.11896882668387
892a306638bffff,Boston,183.2967696860808,64,42.354597884189566,-71.07525948214135
892a30661cbffff,Boston,183.02244649921667,1,42.35904521120955,-71.05356734319548
892a3064443ffff,Boston,181.20225874087674,6,42.352580627181105,-71.12243442178656
892a3064a67ffff,Boston,180.41526618537642,3,42.26780120674453,-71.15071971950893
892a3066157ffff,Boston,179.43464347046364,1,42.351543934640794,-71.05494199928242
892a3064587ffff,Boston,179.43379195233996,1,42.33463722137093,-71.08529010032923
892a3067197ffff,Cambridge,177.50629802534252,17,42.37480641704125,-71.1123299432141
892a306620bffff,Cambridge,177.2478158674451,87,42.369018763820804,-71.09909126453594
892a3066c4bffff,Boston,177.0,4,42.33303828120111,-71.04998277690461
892a3074b0fffff,Boston,176.09297149790868,2,42.384531003209744,-71.02036355235822
892a3066c47ffff,Boston,175.99999999999997,5,42.331049754602994,-71.04325604146193
892a30641abffff,Boston,175.5506034405062,5,42.30936258817861,-71.104851390488
892a3067177ffff,Boston,175.34721903471362,10,42.36243158672188,-71.13038384417402
892a30660cfffff,Boston,175.0056662459324,2,42.37457040623951,-71.0671006185215
892a3066b9bffff,Boston,173.8775044664927,12,42.302451911821684,-71.05952707858192
892a306615bffff,Boston,173.78917009194558,2,42.35465550297657,-71.06319877945141
892a3066c13ffff,Boston,172.0,2,42.33398154252737,-71.0310032439087
892a306452fffff,Boston,171.63811818752762,5,42.32165894051089,-71.0966681423034
892a30671afffff,Boston,171.13929324392555,1,42.364653003384454,-71.1191106711227
892a3066377ffff,Boston,170.624424949226,1,42.344437140712174,-71.08683919597092
892a3065dbbffff,Boston,170.3439397222581,3,42.2929931615218,-71.14938769548569
892a30670cfffff,Cambridge,167.65382220925596,5,42.39324141085201,-71.14515664987593
892a3066853ffff,Boston,167.47462769326853,210,42.31797410329989,-71.05875752610972
892a3067467ffff,Cambridge,167.29312331346765,113,42.398779938027026,-71.13206243066078
892a30671d3ffff,Cambridge,164.93707927172565,65,42.379744766853534,-71.12583076766329
892a3066333ffff,Boston,164.6081374288324,40,42.34566870253844,-71.07694708365207
892a3066e1bffff,Boston,164.0,1,42.3342651806975,-71.06578476090199
892a3066887ffff,Boston,163.61908430004254,2,42.316306213498024,-71.03918981747546
892a3066097ffff,Boston,163.55162793448994,1,42.37410324152303,-71.04974061001232
892a30661abffff,Boston,161.0602846455874,2,42.34819360491842,-71.04165910792834
892a3066273ffff,Cambridge,157.2714484022002,87,42.36641950344253,-71.1013458701015
892a3066533ffff,Boston,156.86822062674787,14,42.36415121160475,-71.03027816206753
892a306608bffff,Boston,156.14721186775776,8,42.374890596575675,-71.06074129633888
892a3066e7bffff,Boston,156.0,1,42.329672962741796,-71.0777075549291
892a3066507ffff,Boston,156.0,6,42.36682763822605,-71.03259059780349
892a306684fffff,Boston,155.92971307136048,109,42.31285041136729,-71.06306340148308
892a3066c5bffff,Boston,155.0,1,42.33705884085622,-71.0485332255385
892a3066b67ffff,Boston,154.87744277034517,4,42.28504667808325,-71.0735966227809
892a3066847ffff,Boston,154.72958964714005,154,42.31278905035844,-71.05907443099453
892a30645b3ffff,Boston,154.12053240575318,2,42.33083073121307,-71.0824745081878
892a3064593ffff,Boston,154.05366752442833,9,42.33940417796249,-71.08339111728478
892a3066b23ffff,Boston,153.00497019939948,4,42.284906930735104,-71.06483012473802
892a3067573ffff,Cambridge,151.98863061778627,28,42.384882275597306,-71.11727994021095
892a306636bffff,Boston,150.717125786578,13,42.344774561152335,-71.09483378701813
892a30662bbffff,Cambridge,150.02750043204665,116,42.36939872739857,-71.08540543457303
892a3066233ffff,Cambridge,149.78835682078434,1,42.36477311548201,-71.0919612480492
892a306684bffff,Boston,149.4342656655557,15,42.31417554695319,-71.06508354168962
892a30662cfffff,Cambridge,149.1132240124654,31,42.37377006453484,-71.09943478032075
892a30661a3ffff,Boston,148.18390120362668,3,42.34805570507216,-71.0381810057474
892a306411bffff,Boston,147.9675830582156,28,42.31529080571337,-71.11463858710917
892a3067567ffff,Cambridge,147.73503225746566,18,42.38003141989281,-71.11817845816843
892a30640a7ffff,Boston,147.48760054244616,1,42.32693686103151,-71.1118603525481
892a30668cbffff,Boston,147.18146752455723,170,42.32073579091854,-71.05650450143864
892a306687bffff,Boston,145.9875507648313,80,42.31003130744895,-71.06125289445914
892a30670cbffff,Cambridge,144.59093359880896,2,42.395017951263576,-71.14730190012699
892a3066543ffff,Boston,144.00742480767713,1,42.3712811862404,-71.04397822642252
892a3066153ffff,Boston,143.67590239805835,1,42.35572831160651,-71.0595063600157
892a3066e2fffff,Boston,143.0,6,42.3202723068999,-71.06439994501076
892a30641d7ffff,Boston,142.1340980363733,6,42.320147828078774,-71.110542003529
892a3066133ffff,Boston,141.0,3,42.34466754567952,-71.04350895397766
892a3066bd3ffff,Boston,140.71508184947672,33,42.30495559100442,-71.06477635990431
892a30644dbffff,Cambridge,140.5891239327299,10,42.36118800934635,-71.11387106473171
892a30670b3ffff,Cambridge,139.90924405343262,58,42.387901357842914,-71.12787156100968
892a30644c3ffff,Cambridge,137.54435588153962,123,42.35828848585276,-71.11261908015346
892a306610fffff,Boston,137.0560584659139,3,42.3468424727663,-71.05048831946736
892a30665c3ffff,Boston,135.96042717634882,63,42.37720081819362,-71.03410868368982
892a3066027ffff,Boston,135.8643099801418,3,42.35870006808985,-71.0607036419911
892a3064697ffff,Boston,135.77101149026106,97,42.3547188784886,-71.12840956244801
892a3066a1bffff,Boston,135.0,1,42.31428908000121,-71.08401551306899
892a3064693ffff,Boston,134.95579797877846,62,42.35838718823711,-71.13116996704714
892a3066103ffff,Boston,134.49885850022443,7,42.349947061330965,-71.04901985958642
892a3066bd7ffff,Boston,134.01219831953512,32,42.302388591766224,-71.0634514126455
892a3066397ffff,Boston,133.9400714340223,19,42.356828112001075,-71.06775129887973
892a30660a7ffff,Boston,133.45544260025767,4,42.36415762955217,-71.05294274193702
892a3064e23ffff,Boston,133.0,24,42.28625609396406,-71.12602915575935
892a30668dbffff,Boston,132.9284171311539,33,42.32286189923929,-71.05547790273867
892a306756bffff,Cambridge,132.04611799034512,18,42.38250975485047,-71.12372006242215
892a306460fffff,Boston,131.38476663919812,2,42.34655050577274,-71.1453089751235
892a3066eafffff,Boston,131.259641744952,58,42.325640839544974,-71.05776276052949
892a3064b17ffff,Boston,131.0235334170168,6,42.25591129973238,-71.12585612503166
892a3066aa7ffff,Boston,130.7722713507139,5,42.30695910081418,-71.06615527990863
892a3064eb3ffff,Boston,130.0,2,42.29360543428959,-71.11440792944103
892a3066b8bffff,Boston,129.88862594837613,4,42.299398887526735,-71.06206617686765
892a3066873ffff,Boston,129.83257331651365,44,42.31071304967139,-71.05728154252458
892a30644d3ffff,Cambridge,129.07062544540582,173,42.36106278205056,-71.11078172974211
892a3067087ffff,Cambridge,128.33168896465511,60,42.39093706799512,-71.13024108768558
892a30663dbffff,Cambridge,124.19255696749626,3,42.36057887457182,-71.08393647613549
892a3066357ffff,Boston,123.89680809531123,29,42.35193829164369,-71.086116682804
892a30644bbffff,Boston,123.69433171435742,60,42.3504257171951,-71.10184558068696
892a3064e33ffff,Boston,123.00000000000001,1,42.28831379422462,-71.12557583463959
892a3066b4bffff,Boston,123.0,1,42.295924128783895,-71.08056493966262
892a30671abffff,Boston,121.60885184843147,5,42.3659079185807,-71.12011337252697
892a306752fffff,Cambridge,121.2161139662203,17,42.37715232481294,-71.11015516787214
892a3064677ffff,Boston,120.95589145882789,2,42.34519849892131,-71.14479278078502
892a30671bbffff,Cambridge,120.65649489036113,13,42.36943067677692,-71.11571424268263
892a3066883ffff,Boston,120.26672416406902,8,42.31830286798631,-71.04165452425404
892a33936c7ffff,Boston,120.13402728946002,1,42.27953753765695,-71.04886295297968
892a306450fffff,Boston,119.50166075564076,42,42.32865537209419,-71.0991010125397
892a306708bffff,Cambridge,119.41841476924688,22,42.39365362278856,-71.13642648794448
892a30645a3ffff,Boston,119.08723049675743,4,42.32804899501829,-71.08632475354324
892a3067547ffff,Cambridge,117.72975695467322,37,42.38783141567774,-71.1200417224962
892a3066503ffff,Boston,116.35709256381617,4,42.36934318510788,-71.03427598765074
892a3066803ffff,Boston,115.53846502317535,98,42.3123300726119,-71.0499818644105
892a3067563ffff,Cambridge,114.42177000321792,27,42.38244266716193,-71.11988354239476
892a3066c4fffff,Boston,113.99999999999999,2,42.33078864936816,-71.04897266779847
892a3064507ffff,Boston,113.96742189556636,21,42.328388585864346,-71.09386326054054
892a30646cfffff,Boston,113.50119768389177,23,42.35486966293644,-71.14669831518286
892a30646a3ffff,Boston,112.31049784204234,32,42.348303197959595,-71.13158002008491
892a30662afffff,Cambridge,111.64702535971756,1,42.363253101929914,-71.08765357070658
892a30662b7ffff,Cambridge,111.64109455522548,17,42.367297668721655,-71.07976235267718
892a30645c7ffff,Boston,111.0,3,42.33778518725341,-71.09625917018144
892a3067633ffff,Cambridge,111.0,1,42.39989885622972,-71.15092422179204
892a3064da3ffff,Boston,110.17033343658323,2,42.27139606326054,-71.0691209484756
892a3066257ffff,Cambridge,109.62935116555836,102,42.3716959138609,-71.10165051847288
892a3066213ffff,Cambridge,109.2959338257408,34,42.372169954554096,-71.09361960416412
892a3067113ffff,Cambridge,109.25949365132428,4,42.37269954533986,-71.12382270967375
892a306618bffff,Boston,108.28043764609396,2,42.35441761810082,-71.04486578969504
892a30668cfffff,Boston,107.82285709996982,248,42.317951761415124,-71.05429832224378
892a306623bffff,Cambridge,105.93256510423946,23,42.3641954040414,-71.09578963697668
892a3064b93ffff,Boston,105.62946876955621,8,42.26458730829671,-71.11852334335232
892a3064c3bffff,Boston,103.79828245189451,15,42.28809537127885,-71.09574072377235
892a306686fffff,Boston,103.48468161841795,64,42.30498664172601,-71.06131648189158
892a306458bffff,Boston,103.42069456634765,10,42.33711197287246,-71.09205925837342
892a3064647ffff,Boston,102.78729241827065,12,42.35020830623344,-71.14989195598294
892a306680bffff,Boston,102.05790902573774,205,42.3127530958684,-71.05467793263958
892a306706fffff,Cambridge,101.898018291944,12,42.37968725876904,-71.15285740718438
892a3066c0fffff,Boston,101.0,1,42.32972825870973,-71.03535102888311
892a3064583ffff,Boston,100.45473909738344,18,42.33681938874739,-71.08629639321254
892a3064217ffff,Boston,99.55713455996082,3,42.332312989838435,-71.154560862211
892a30668c3ffff,Boston,99.52730952768209,21,42.320219471600794,-71.05393302680424
892a306448bffff,Cambridge,99.25544383373028,54,42.356073083845594,-71.10754606490765
892a3065923ffff,Boston,98.0,1,42.267307135863554,-71.17105705833838
892a30671c7ffff,Cambridge,97.83592265951182,18,42.37434856665902,-71.12505017302061
892a3066107ffff,Boston,97.3723591940809,1,42.348671998978816,-71.0484085216274
892a3067543ffff,Cambridge,97.19253742338651,22,42.39070948943515,-71.12043945354175
892a30660c3ffff,Boston,96.50638283529356,3,42.3766627462046,-71.06579598492232
892a3064b33ffff,Boston,96.10806510300273,6,42.25125077203201,-71.12298013234842
892a3066c53ffff,Boston,95.99999999999999,1,42.3369181439716,-71.04271167473642
892a3064e2fffff,Boston,95.86534023456572,12,42.28380399701788,-71.12679252869358
892a3064123ffff,Boston,95.82824212834932,3,42.30447340989578,-71.10936845119876
892a3064a93ffff,Boston,95.63999121518194,13,42.28292435569156,-71.13136299352757
892a30641a3ffff,Boston,95.49618507444163,15,42.30931926525533,-71.10196750541647
892a3064283ffff,Boston,95.29654763573862,11,42.33687803484598,-71.14808829001777
892a3064e43ffff,Boston,95.11438300306378,1,42.29488381286275,-71.13836806041839
892a3066843ffff,Boston,95.02354161877747,114,42.31520607617485,-71.06074997694799
892a3066acfffff,Boston,95.0,18,42.31777285944454,-71.08476051987634
892a306622bffff,Cambridge,94.88458204420681,6,42.36176454063499,-71.09796709848958
892a30663afffff,Boston,94.0,3,42.345913831968765,-71.07086669141057
892a3064107ffff,Boston,93.0,3,42.31027315809475,-71.10911411451156
892a306650fffff,Boston,92.16179903920391,11,42.366627325811606,-71.03629854071833
892a306450bffff,Boston,92.06873459156105,9,42.330960009891704,-71.10068648919672
892a30663b3ffff,Boston,91.8774735399773,3,42.35018711737765,-71.06847664420974
892a306466bffff,Boston,91.80450390715902,3,42.34498405554629,-71.15439214093503
892a306681bffff,Boston,91.3958850549011,130,42.31525434446046,-71.05331341792707
892a3064683ffff,Boston,90.26250309445501,50,42.35499620893056,-71.13242676275564
892a306609bffff,Boston,88.54283601923782,1,42.378152644008146,-71.05809786574457
892a3066467ffff,Boston,87.45716398076218,1,42.378736099589865,-71.05634373391055
892a3064b83ffff,Boston,85.00000000000001,2,42.261515336707056,-71.12108944876755
892a306754bffff,Cambridge,83.10061166067725,109,42.39062797994226,-71.12559104400853
892a3066867ffff,Boston,82.800786431412,10,42.30496601105152,-71.05777157523569
892a3064543ffff,Boston,81.72342615478442,3,42.333164985567954,-71.10669860238109
892a30641c7ffff,Boston,80.86773619502509,9,42.31793070558681,-71.11184233745313
892a30644b3ffff,Boston,80.44466322495722,30,42.350132462305005,-71.0979928119559
892a3067093ffff,Cambridge,80.42448519132199,42,42.3961193833081,-71.13019782164835
892a3064183ffff,Boston,80.18253072787121,1,42.31898417991793,-71.10164447759382
892a306686bffff,Boston,79.96968623392888,65,42.30670786641842,-71.0633685710525
892a30641d3ffff,Boston,79.91554056208822,5,42.32323835338897,-71.11250198230307
892a3066627ffff,Boston,79.7506792093474,3,42.37789420024885,-71.07427887533271
892a3064163ffff,Boston,79.74118803005805,25,42.30772645173394,-71.11907377496023
892a30670bbffff,Cambridge,79.53485638592326,5,42.38848110855025,-71.13125837159183
892a306639bffff,Boston,78.40007749915002,10,42.35803070869888,-71.07197575140418
892a3066eabffff,Boston,78.10086278583475,26,42.32852025045171,-71.056969670549
892a3064c37ffff,Boston,78.0,1,42.28444138916005,-71.09107011693436
892a3065517ffff,Boston,78.0,1,42.35040497620778,-71.17069221456242
892a30662c7ffff,Cambridge,77.77563729049683,6,42.37322709152071,-71.09556537243475
892a3064abbffff,Boston,76.85959304318159,10,42.27493903647415,-71.13321623971547
892a306412fffff,Boston,76.17920336373525,4,42.30069056632003,-71.11180407699237
892a3064173ffff,Boston,76.1784773596215,24,42.30981033286866,-71.11782134980159
892a306469bffff,Boston,76.07004459571259,94,42.35834803879733,-71.13505641300458
892a3066573ffff,Boston,75.26228163035053,8,42.367175580972486,-71.03951323096564
892a30644c7ffff,Cambridge,74.54887918519364,94,42.35629233609698,-71.11081326739532
892a3064b0fffff,Boston,74.0,6,42.25371042866469,-71.13158406203415
892a3066b13ffff,Boston,73.05183297418985,32,42.29674674495965,-71.06377450475057
892a306487bffff,Boston,72.37625760170779,34,42.27252121950546,-71.12387541755844
892a3066bc7ffff,Boston,72.26827493153246,4,42.29987680754146,-71.06500279956992
892a3064437ffff,Boston,71.60152420185457,19,42.34191814573992,-71.10484388546884
892a3064a8fffff,Boston,71.24707862206326,2,42.27847296735641,-71.13620882043278
892a306457bffff,Boston,70.77648638260807,2,42.32802998331029,-71.10885997553189
892a30641a7ffff,Boston,69.50381492555836,14,42.307770121992995,-71.10062800533485
892a3066253ffff,Cambridge,69.2164814747159,36,42.37443642389281,-71.10490833100728
892a3065d6bffff,Boston,69.0,2,42.28830662171969,-71.17149440162933
892a3064e97ffff,Boston,68.95139370861394,24,42.298237823118704,-71.11358313693043
892a3064533ffff,Boston,68.0635240476222,20,42.3264423112418,-71.09241154864763
892a3064643ffff,Boston,67.74435350041324,6,42.3531745949869,-71.15270818322158
892a3066ebbffff,Boston,67.00703429981728,30,42.33105808029813,-71.05548917913258
892a3064433ffff,Boston,66.98436003144903,38,42.34569692689216,-71.10581223973381
892a3066207ffff,Cambridge,66.45254893846982,44,42.36681418897187,-71.0933000574712
892a3064da7ffff,Boston,65.82966656341677,1,42.27104941354597,-71.06868244207405
892a3064d53ffff,Boston,65.397851610642,4,42.28030267113578,-71.08857613692098
892a30642cbffff,Boston,65.07489631998497,3,42.33880556333867,-71.16551416169871
892a3064c4bffff,Boston,64.52463076562815,20,42.297029229281634,-71.1138255870993
892a306701bffff,Cambridge,63.63424198190936,6,42.39011098138406,-71.14469693822537
892a3064523ffff,Boston,62.34783160350254,47,42.323480407174955,-71.09450144130042
892a3067577ffff,Cambridge,62.30002534833737,22,42.38210712078924,-71.11467841266777
892a30642c3ffff,Boston,61.92510368001504,4,42.33874657664106,-71.15995684341216
892a3066857ffff,Boston,61.63129302198151,202,42.31526900223142,-71.05668351643297
892a3064d6fffff,Boston,60.685388561955996,1,42.26829214334739,-71.09212534256446
892a30670abffff,Cambridge,60.078147092297094,39,42.384400313149335,-71.1347318181858
892a339364bffff,Boston,60.0,2,42.276807100881456,-71.06716106009524
892a306754fffff,Cambridge,59.16791524855478,49,42.38789145876095,-71.12366617343272
892a3066ecfffff,Boston,59.0,1,42.33851397254179,-71.06928278908691
892a306755bffff,Cambridge,58.44346437153943,27,42.39247126205979,-71.12302853712565
892a3064babffff,Boston,58.158643937704994,24,42.253224198001256,-71.12311707150221
892a3064b03ffff,Boston,57.10611946456421,4,42.256914892779434,-71.12753166309169
892a306460bffff,Boston,55.84136820961713,4,42.350355747996396,-71.14837124626932
892a3066b4fffff,Boston,55.62693554389905,3,42.29407916666667,-71.0780382
892a3064117ffff,Boston,55.0,2,42.31229391759564,-71.10755219861214
892a3064493ffff,Cambridge,54.961150007814425,4,42.35859538456309,-71.10025137296886
892a306653bffff,Boston,54.65817409371532,1,42.36432120662205,-71.03285752981238
892a306429bffff,Boston,54.54751475063511,4,42.34044581601566,-71.15237284824968
892a339164fffff,Boston,53.97138107036188,30,42.236631505662885,-71.12731642020462
892a3067527ffff,Cambridge,53.6037580388621,42,42.37662173105543,-71.10679177372728
892a3066e27ffff,Boston,53.19794233992609,64,42.32091507466522,-71.0600833163831
892a3067057ffff,Cambridge,53.132069697481285,2,42.390705196792226,-71.14730367302619
892a3064563ffff,Boston,52.840305319554766,7,42.326019256878176,-71.10474245501506
892a3064513ffff,Boston,52.49739952834689,3,42.334598891964625,-71.09381944271232
892a30671d7ffff,Cambridge,51.656794136510086,10,42.37730583400081,-71.12373492313152
892a3066013ffff,Boston,50.85278813224222,1,42.37271966485883,-71.06172937602585
892a3066943ffff,Boston,50.297225408054004,1,42.29584935029875,-71.04711116474446
892a306467bffff,Boston,49.195496092841,2,42.34859440341941,-71.15406148586203
892a3064dcbffff,Boston,49.09996249108515,2,42.28212275,-71.087369575
892a306418bffff,Boston,49.07081010198896,4,42.31766343388355,-71.10716146518553
892a306618fffff,Boston,48.15686063469678,1,42.352622728368985,-71.04407083618679
892a3066edbffff,Boston,48.0,1,42.34223603084472,-71.06855422487041
892a306604fffff,Cambridge,47.98793273237263,17,42.3688471672051,-71.0790427562733
892a3066863ffff,Boston,47.624724624150545,41,42.30709306482861,-71.0596395354651
892a3066e33ffff,Boston,47.5848218588712,15,42.32529702830841,-71.05939307709417
892a30662abffff,Cambridge,47.46799735165731,1,42.36734959672241,-71.0867364257163
892a30660d3ffff,Boston,47.0,6,42.37934258091715,-71.0632217598709
892a3064ea7ffff,Boston,46.8165117581048,41,42.28754419289353,-71.11343553708457
892a306712fffff,Boston,46.80507649728827,19,42.35866551598177,-71.1254844666628
892a3064657ffff,Boston,46.49880231610825,8,42.35407056895987,-71.14791310860899
892a3066e63ffff,Boston,46.0,5,42.326133874321194,-71.0756578321403
892a3066553ffff,Boston,45.825685868112764,1,42.37355899608148,-71.04115943368551
892a3064ab3ffff,Boston,45.730335721151285,146,42.27491718314047,-71.13034726000448
892a30671dbffff,Cambridge,45.22515794810191,57,42.3796735976251,-71.13006391588445
892a306464fffff,Boston,44.43975956273581,2,42.349880138004984,-71.1547649930348
892a306465bffff,Boston,44.14556211046477,8,42.35587340080568,-71.15637270853807
892a339365bffff,Boston,43.63267454253005,31,42.281037386513695,-71.06417457818608
892a306453bffff,Boston,43.23955636146397,32,42.3259475969696,-71.09553172793069
892a306418fffff,Boston,43.02999723844843,1,42.31515007613147,-71.10417176892905
892a3065587ffff,Boston,42.0,1,42.352789395942665,-71.16092030326091
892a3066e17ffff,Boston,41.31248408313617,1,42.33097714529126,-71.06257250939592
892a3067003ffff,Cambridge,40.66660561737237,3,42.387958218689896,-71.13997474895017
892a30670a7ffff,Cambridge,40.2886987193419,49,42.38287258042406,-71.1282020368881
892a306459bffff,Boston,40.13230700000192,4,42.3406259742347,-71.0895566588203
892a3066c0bffff,Boston,40.0,5,42.33026102089425,-71.0386193348548
892a30648d3ffff,Boston,39.84245096873474,38,42.28657475012496,-71.11365409706255
892a339364fffff,Boston,39.8175598417909,33,42.27457075985908,-71.06449970082487
892a30660c7ffff,Boston,39.48795091877402,1,42.373982549529906,-71.06499717360911
892a306606bffff,Cambridge,39.131091162841024,1,42.36448013480718,-71.07713719623887
892a306445bffff,Boston,38.77297680659903,42,42.35484025522462,-71.12552095521491
892a3067477ffff,Cambridge,38.71375425048546,13,42.40019693133085,-71.1307573944576
892a3067163ffff,Boston,38.70308880370247,1,42.363009378007696,-71.13420661272926
892a306739bffff,Cambridge,38.699702114561404,3,42.37625594360327,-71.15002074334369
892a306558bffff,Boston,38.03630764472316,15,42.355002138186805,-71.16822831952062
892a3066ac3ffff,Boston,37.55110419399014,15,42.32216769858337,-71.08307923686128
892a3067097ffff,Cambridge,37.54075278675617,37,42.39286234858193,-71.12767315945251
892a306696bffff,Boston,37.42978318704293,28,42.287851328292845,-71.04917486902623
892a30665cfffff,Boston,37.2763761675257,1,42.374293879394884,-71.03817394273422
892a3066c8bffff,Boston,37.0,1,42.33772936099578,-71.03137352546601
892a306708fffff,Cambridge,35.79376011910707,4,42.391323116979684,-71.13444490340669
892a3066e07ffff,Boston,35.029363213420076,1,42.328326205715975,-71.0638287855248
892a3066637ffff,Boston,34.895286007751345,1,42.380129138839465,-71.07213067370475
892a306702bffff,Cambridge,34.860118680407396,20,42.37944656769874,-71.14414082400893
892a3067053ffff,Cambridge,34.506615427807894,5,42.39385454129467,-71.14972309178464
892a3067167ffff,Boston,33.98974764898796,49,42.360622387464,-71.13213776257267
892a306716bffff,Boston,33.69159721682037,1,42.362526862206806,-71.13809893208534
892a3064a87ffff,Boston,33.36426580268238,115,42.27735322077283,-71.13239554565828
892a3066cc7ffff,Boston,33.0,2,42.337159129206796,-71.03575461081643
892a3066607ffff,Boston,32.53693444672071,5,42.384177338423356,-71.07741690202562
892a3064417ffff,Boston,32.406780386704035,7,42.34955196239819,-71.10579214670875
892a3066317ffff,Boston,31.665247526845697,1,42.35076870924825,-71.07728394994238
892a30663cbffff,Cambridge,31.160417672786163,3,42.35936700173241,-71.08718525764469
892a30670b7ffff,Cambridge,31.08964053038934,61,42.38478583449696,-71.12562553624413
892a306682fffff,Boston,31.0,6,42.30140988644882,-71.05092272154009
892a3066297ffff,Cambridge,30.497188126639532,6,42.37290189649173,-71.08196054849903
892a3066ab7ffff,Boston,30.476940004920824,11,42.30937266265993,-71.06405853780296
892a30645cbffff,Boston,30.39847579814544,1,42.33975507249978,-71.10328540299626
892a30645d7ffff,Boston,30.077669811673,2,42.33907138539215,-71.0919751822659
892a306746fffff,Cambridge,30.07606049796872,27,42.39854053095571,-71.13629182291888
892a3064193ffff,Boston,29.671879731312433,1,42.321366581766384,-71.09879078656103
892a306718fffff,Cambridge,29.425976586891792,6,42.372089560705575,-71.1190964914901
892a3066057ffff,Cambridge,29.39373220157467,2,42.37094586226257,-71.06975857981027
892a3066b17ffff,Boston,28.999112370997477,1,42.29487564781539,-71.06017911571008
892a30641cfffff,Boston,28.882228877462776,12,42.31902107584923,-71.1155320481464
892a30641c3ffff,Boston,28.124813752226313,28,42.320020619733256,-71.11491487611099
892a30671c3ffff,Cambridge,27.822900321008834,25,42.3774207455977,-71.1284415764388
892a306742fffff,Cambridge,27.438900886468453,18,42.39562597045995,-71.1267312771991
892a306709bffff,Cambridge,27.29598976309855,66,42.39594749954343,-71.13455585698948
892a3064137ffff,Boston,26.23730684595809,3,42.30530315955204,-71.10684942561939
892a3067007ffff,Cambridge,25.980565366926516,17,42.38492429762687,-71.13833471429423
892a306449bffff,Cambridge,25.873383728002167,26,42.3582569472546,-71.10583285716017
892a3066947ffff,Boston,25.819179817400645,1,42.29344690857562,-71.04586329668378
892a306718bffff,Cambridge,25.558358453189776,12,42.374791718929814,-71.12182613161745
892a30646cbffff,Boston,25.46716248719006,3,42.35789739183847,-71.14839035661282
892a306608fffff,Boston,25.272470680456326,3,42.37283075078048,-71.0575180755752
892a3067033ffff,Cambridge,25.007187002753753,67,42.38268665289691,-71.1368879565432
892a3064e47ffff,Boston,25.0,1,42.29364219031893,-71.13733724458348
892a306712bffff,Boston,24.806907627562424,23,42.36018469664433,-71.12974508160177
892a3064c33ffff,Boston,24.2017175481055,5,42.287787171652234,-71.0945184138964
892a3064ea3ffff,Boston,24.0,1,42.29172724443974,-71.1171348614273
892a339a58fffff,Boston,23.0,2,42.24006646386672,-71.13850032876852
892a30670a3ffff,Cambridge,22.907999124102634,52,42.38511542628406,-71.12961765998764
892a3066633ffff,Boston,22.900762078662574,1,42.38315532385064,-71.07382459243732
892a3067463ffff,Cambridge,22.33900151072768,24,42.40033619010092,-71.13417133154114
892a33936dbffff,Boston,21.89660561809133,11,42.286223151114505,-71.05430136171032
892a306680fffff,Boston,21.647415197178777,94,42.310111950249244,-71.05157045265621
892a3066807ffff,Boston,21.629271046356084,98,42.309673680134736,-71.04779628388337
892a3064847ffff,Boston,20.96406522063146,19,42.273916573190846,-71.12243249257874
892a3067117ffff,Cambridge,20.963013517557485,1,42.369424479199445,-71.12212042149358
892a3064b9bffff,Boston,20.901159125147583,2,42.26379382495088,-71.12268418991502
892a3064113ffff,Boston,20.828150892904837,2,42.315960950734905,-71.10913516408326
892a3074b77ffff,Boston,20.80475876699054,3,42.382129774629895,-71.02195733951714
892a306716fffff,Boston,20.7435632024799,7,42.36093370094328,-71.13759187846149
892a306419bffff,Boston,20.677119841651855,1,42.32117876045284,-71.10330272691363
892a3066817ffff,Boston,20.50979624225941,23,42.31190148641476,-71.04704694391789
892a30660b3ffff,Boston,20.38614362168019,1,42.36806066121804,-71.05145635376559
892a33936d3ffff,Boston,20.32826418716357,28,42.28547564461722,-71.0512532659905
892a3064b07ffff,Boston,20.29717853021666,10,42.253610134626214,-71.12632619049342
892a30645abffff,Boston,20.264215031376317,3,42.3288340336494,-71.08983109356028
892a3064127ffff,Boston,19.9060588030087,7,42.30240852487109,-71.10644652367147
892a30670afffff,Cambridge,19.549554430218727,40,42.38224039388309,-71.13223541239961
892a306752bffff,Cambridge,19.46749908711621,10,42.3796582997317,-71.1119973216127
892a306628bffff,Cambridge,19.237591925323404,5,42.3734329993939,-71.09102701665775
892a3074b07ffff,Boston,19.102269735100773,1,42.38547557890317,-71.01466030130145
892a306484bffff,Boston,19.093227662349182,55,42.277007372455934,-71.12809479271151
892a306704bffff,Cambridge,18.573930244098023,2,42.38930394486608,-71.15748145005173
892a3066b6fffff,Boston,18.558984855839107,1,42.284348917305586,-71.07761271350068
892a3065dcbffff,Boston,18.523960670892393,1,42.3025816644258,-71.16412100100692
892a30672b3ffff,Cambridge,18.411628716863405,2,42.38844481488701,-71.15748578118482
892a3066ba7ffff,Boston,18.08312039925058,23,42.28758924028066,-71.05237858815482
892a306742bffff,Cambridge,17.910601304705956,21,42.398513951928294,-71.12915625821321
892a306646bffff,Boston,17.57782627066543,1,42.381269018794875,-71.06155749673873
892a3064133ffff,Boston,17.18209247508731,3,42.306004183150286,-71.10751607531223
892a3064653ffff,Boston,17.041664198498385,1,42.35437072212718,-71.15052450797835
892a3064e3bffff,Boston,17.0,3,42.288113556970394,-71.12793624498418
892a30671cfffff,Cambridge,16.962128734455444,16,42.37491227756824,-71.13078821721504
892a3064b13ffff,Boston,16.71644486149195,1,42.25750465491396,-71.12744199249278
892a30648dbffff,Boston,16.158816618111686,9,42.28645124129818,-71.11514093522652
892a3067523ffff,Cambridge,15.770930494033749,13,42.37911693214615,-71.10938574496332
892a3064c5bffff,Boston,15.69213386410349,4,42.30035531059378,-71.1098294062325
892a306607bffff,Cambridge,15.48873190385965,2,42.36605239846877,-71.07573737242848
892a3064c6bffff,Boston,15.18222065504877,13,42.288001445922106,-71.1122464351566
892a3067083ffff,Cambridge,14.814204840581212,52,42.39333136589009,-71.13171925984055
892a3064867ffff,Boston,14.756915266927638,1,42.26530249803325,-71.11960296766486
892a306611bffff,Boston,14.56535652953634,1,42.353696661639965,-71.05300100631031
892a306417bffff,Boston,14.0,29,42.309129118821055,-71.123669564655
892a3065d33ffff,Boston,14.0,1,42.28771638074262,-71.15257966591123
892a3066e9bffff,Boston,13.805470792844428,1,42.34024694875834,-71.05623225671073
892a3064663ffff,Boston,13.536857604892225,1,42.34385658565308,-71.15106803328152
892a3066e87ffff,Boston,13.410875911903023,1,42.33522098682334,-71.05573732515961
892a306700bffff,Cambridge,13.329694101452098,1,42.389146473509804,-71.14443767803854
892a306654bffff,Boston,12.175901385053718,1,42.373368723008326,-71.04914386931398
892a30646c3ffff,Boston,12.159234409600126,2,42.358408030323815,-71.14252368062739
892a3067037ffff,Cambridge,11.691899762530438,26,42.37988792892911,-71.13466935880344
892a3064b37ffff,Boston,11.401566756225531,66,42.248257884907794,-71.12170563768082
892a306462fffff,Boston,11.01492635441809,4,42.340997088019236,-71.1423526495196
892a3064573ffff,Boston,10.704109980195263,13,42.32894081840477,-71.10206794256298
892a3064adbffff,Boston,10.628420891699902,2,42.285281307506665,-71.14632174376558
892a306738bffff,Cambridge,10.410686749624707,1,42.37465516087357,-71.15111382569117
892a30642d3ffff,Boston,10.085588629136243,2,42.34083795270752,-71.1585997383761
892a3064ac3ffff,Boston,10.020766166813804,14,42.28314816663755,-71.14574237164662
892a30646d7ffff,Boston,9.840765590399874,4,42.3582211173181,-71.1410839841463
892a3066283ffff,Cambridge,9.596782923966131,3,42.37337876205003,-71.08781650989381
892a3067027ffff,Cambridge,9.56635703335299,20,42.37700179944323,-71.1370697173365
892a3064407ffff,Boston,9.3638204209308,2,42.34711755766501,-71.10693028752826
892a339a5bbffff,Boston,9.321754073394976,1,42.23620747821831,-71.13552285764644
892a3064157ffff,Boston,9.263445829408592,3,42.315534825308454,-71.11700462536724
892a306663bffff,Boston,9.178449365713627,1,42.382381026278516,-71.07771346931872
892a30671cbffff,Cambridge,9.11354671996876,25,42.37725597840911,-71.13260820452007
892a3065dabffff,Boston,8.541677274678147,4,42.29155711743432,-71.15115008130142
892a306702fffff,Cambridge,8.288266241781955,28,42.37679830067098,-71.14140975575864
892a3064a97ffff,Boston,8.029092515272112,10,42.2803118511808,-71.13059073109045
892a3064e2bffff,Boston,7.7552982610356995,2,42.28465066422332,-71.12967509006361
892a3067023ffff,Cambridge,7.443087302169668,15,42.37975878540733,-71.13818765717131
892a306696fffff,Boston,7.303120794487491,12,42.28574974459617,-71.04723799466719
892a3066617ffff,Boston,7.160062621138916,1,42.387204790045594,-71.07644645587554
892a3064aa7ffff,Boston,7.114231868569425,101,42.26973660770262,-71.12997811286424
892a3064537ffff,Boston,7.082082669567493,4,42.324461220834934,-71.0895404108091
892a3066557ffff,Boston,7.068429805912429,2,42.3724096728277,-71.04034478956976
892a339a5b3ffff,Boston,6.552428416374209,23,42.23666010349939,-71.13019708636328
892a306484fffff,Boston,6.444474138236259,73,42.275021747739636,-71.12668010624775
892a3064ab7ffff,Boston,6.3301936837658195,58,42.27262883005687,-71.12807341012606
892a30663a3ffff,Boston,6.122526460022705,9,42.34842471999712,-71.06803612166001
892a3064a17ffff,Boston,6.102020418312983,4,42.27629365729386,-71.13971423159468
892a3066017ffff,Boston,5.984314881308606,1,42.3681885114039,-71.06093174404256
892a306482bffff,Boston,5.712456838368567,1,42.26571368137859,-71.11570114248336
892a3064a77ffff,Boston,5.584733814623551,2,42.268611170682675,-71.14959785377027
892a3067397ffff,Cambridge,5.1670808230283045,5,42.375654658712136,-71.14314756322582
892a3067193ffff,Cambridge,5.03426844404468,2,42.376885030369124,-71.11490536673404
892a3067337ffff,Boston,4.901706517771053,1,42.35994959648318,-71.1489147895527
892a306685bffff,Boston,4.679617013784008,3,42.31731165958141,-71.06133543065913
892a3064e87ffff,Boston,4.589321213572977,1,42.29739446037633,-71.11489527528748
892a3064843ffff,Boston,4.508709293328583,4,42.2775804249151,-71.12565846265475
892a306715bffff,Cambridge,4.46997435364046,12,42.37482158419187,-71.1384837774508
892a3064ccbffff,Boston,4.329016152988159,3,42.302209188926554,-71.10544255716232
892a3064177ffff,Boston,4.035836415182628,2,42.30763969202282,-71.11685270251587
892a30673d7ffff,Cambridge,4.00603388290848,1,42.37832539533891,-71.15490236263712
892a3067327ffff,Boston,3.8582519703652514,2,42.357419509932996,-71.15205862360034
892a3064483ffff,Cambridge,3.807539987763936,10,42.355428038994994,-71.10281444914102
892a3067557ffff,Cambridge,3.7933880035113403,4,42.389940934818775,-71.11807586204823
892a3064ac7ffff,Boston,3.7893314668260016,9,42.28043366600765,-71.14279070623462
892a3065da7ffff,Boston,3.4999591048446277,4,42.287067098939616,-71.14544713764964
892a3067123ffff,Boston,3.24047404731289,2,42.359788301423556,-71.12462450235012
892a3064a13ffff,Boston,3.1959810583975656,8,42.27784328484904,-71.14054515304592
892a3066e23ffff,Boston,3.1867479220026986,1,42.324792093001435,-71.06361374452013
892a3064a83ffff,Boston,3.099913318134478,3,42.28110918451649,-71.1329587887774
892a3064bafffff,Boston,2.9422636119718795,86,42.25051193349743,-71.12008735242038
892a3064197ffff,Boston,2.872457874458542,1,42.317887465998986,-71.09649612868019
892a30644cbffff,Cambridge,2.5260459990784074,1,42.35805212577726,-71.11589381958834
892a306410bffff,Boston,2.3366360556716423,1,42.312932385089205,-71.11490122415704
892a306461bffff,Boston,2.3177231309885795,27,42.3533441778378,-71.14266434457932
892a339167bffff,Boston,2.3021285950762316,7,42.235857184101704,-71.12566500271421
892a3064aa3ffff,Boston,2.13009710638172,38,42.27223678724953,-71.13158048511389
892a3067553ffff,Cambridge,1.9768425678910555,2,42.39282510289209,-71.12055203375209
892a306559bffff,Boston,1.8994200468969096,1,42.356510950349765,-71.16593862025172
892a3067127ffff,Boston,1.8800422299254103,1,42.35903881018192,-71.12386708038851
892a3064497ffff,Cambridge,1.8606972763107674,9,42.355965288186766,-71.09757935290651
892a3065dc7ffff,Boston,1.823892192525938,1,42.30007584974187,-71.16023650468097
892a3066967ffff,Boston,1.7086732990494413,2,42.286687736148856,-71.04356713978994
892a306486bffff,Boston,1.6975172594976569,23,42.269239806259044,-71.127374192341
892a3067393ffff,Cambridge,1.672840472680388,2,42.37683527939896,-71.1444566340552
892a3064bd3ffff,Boston,1.5709136814161633,21,42.2679918285824,-71.12837466183244
892a306683bffff,Boston,1.4901463941738198,27,42.30848071984371,-71.05001316435309
892a30670d7ffff,Cambridge,1.4647250838442083,2,42.39628720292996,-71.13662457751394
892a3066877ffff,Boston,1.4413835106772805,4,42.30685526062952,-71.05357117317408
892a30668bbffff,Boston,1.1141915358884378,1,42.312765158962044,-71.04035096224804
892a3067157ffff,Cambridge,0.9648413622961649,1,42.37224016420042,-71.13393593968988
892a3393653ffff,Boston,0.9642531845841109,2,42.28153232341147,-71.06105524343982
892a3064ad3ffff,Boston,0.9619687836385507,1,42.28433442009751,-71.1426921774191
892a339a5b7ffff,Boston,0.8523078447927073,26,42.2352451998661,-71.12806173562748
892a3064a8bffff,Boston,0.8015521094665676,1,42.27903160606167,-71.13846116464612
892a3065dc3ffff,Boston,0.6521471365816683,1,42.30047741334439,-71.16041696209386
892a3066b27ffff,Boston,0.5891491286306624,1,42.28167571835863,-71.06262765973048
892a3066e3bffff,Boston,0.5644179512141063,1,42.32481291499526,-71.06444285860412
892a33916dbffff,Boston,0.5609949799778439,21,42.24903082243018,-71.11865821321832
892a30661afffff,Boston,0.5264762787656129,2,42.34538027537748,-71.03852413369475
892a306714fffff,Cambridge,0.31103225349242547,1,42.36844700000001,-71.14036800000001
892a3067153ffff,Cambridge,0.2905316203616928,1,42.37518931744436,-71.13556781156863
892a306486fffff,Boston,0.17940375084745597,2,42.2674144650476,-71.12588560208084
892a306703bffff,Cambridge,0.14820297543440825,1,42.38407813494279,-71.14090416920259
892a3064413ffff,Cambridge,0.10208067284300093,1,42.35325172002662,-71.10776998565298
892a3065583ffff,Boston,0.06427230837993568,1,42.35531338892859,-71.16451753261943
892a3066833ffff,Boston,0.031129340897940505,1,42.308869079146945,-71.04629043546366
892a306639bffff,Cambridge,0.0,1,42.357775334062545,-71.07329121007932
892a30661b7ffff,Boston,0.0,2,42.34657176891221,-71.03297271647324
892a306622fffff,Cambridge,0.0,5,42.357135186043344,-71.09453857576158
892a3066237ffff,Cambridge,0.0,2,42.360314280270195,-71.08840955177942
892a3066d97ffff,Boston,0.0,5,42.318702643532845,-71.00675510965496
892a3066cc3ffff,Boston,0.0,1,42.34067579684897,-71.03649329525973
892a3064c2bffff,Boston,0.0,13,42.28637303121401,-71.09826061969194
892a3064c23ffff,Boston,0.0,13,42.28653161965186,-71.09626305271424
892a3064c03ffff,Boston,0.0,11,42.29371327628228,-71.09544466551036
892a3065997ffff,Boston,0.0,9,42.28056686721956,-71.1593109984634
892a306559bffff,Cambridge,0.0,1,42.35830075,-71.16510985000001
892a3064e6fffff,Boston,0.0,1,42.28596258679902,-71.13809040598636
892a3065597ffff,Boston,0.0,2,42.35692163776001,-71.16004884327037
892a3065593ffff,Boston,0.0,1,42.35691539573659,-71.16065547166542
892a3065527ffff,Boston,0.0,2,42.3385626264121,-71.16752773004697
892a30661a7ffff,Boston,0.0,1,42.34558416837171,-71.0350663993252
892a3065d73ffff,Boston,0.0,2,42.29066308934404,-71.16736362558188
892a3065d7bffff,Boston,0.0,2,42.29048642662235,-71.16770536035048
892a30659a3ffff,Boston,0.0,15,42.27274752222455,-71.1639280291557
892a3066b83ffff,Boston,0.0,9,42.29818739108066,-71.05753595692613
892a3066a63ffff,Boston,0.0,1,42.30595045437923,-71.09038135710897
892a306416bffff,Boston,0.0,42,42.30765608610744,-71.12450833216784
892a306659bffff,Boston,0.0,1,42.37555704700016,-71.02631343281618
892a3066387ffff,Boston,0.0,2,42.35356134085589,-71.06967348334234
892a3067103ffff,Cambridge,0.0,1,42.369736202834375,-71.12585976121206
892a3067013ffff,Cambridge,0.0,1,42.38979904774914,-71.13948150667551
892a3064b2fffff,Boston,0.0,1,42.24607278955622,-71.12955542110242
892a3064b7bffff,Boston,0.0,1,42.25303672043154,-71.14188918292778
892a306732fffff,Boston,0.0,3,42.35671926723338,-71.15695804403377
892a3064457ffff,Boston,0.0,1,42.35324210186136,-71.11780739254463
892a3067183ffff,Cambridge,0.0,15,42.37460052441726,-71.11749110881196
892a3064253ffff,Boston,0.0,38,42.337703460583676,-71.16645069226853
892a30643b7ffff,Boston,0.0,1,42.3089746344505,-71.12541290915455
892a30292cbffff,Boston,0.0,2,42.359254557156156,-71.02361290945598
892a339a587ffff,Boston,0.0,1,42.24132593736474,-71.13281038312135
892a33936d7ffff,Boston,0.0,5,42.28417425595621,-71.04848521252669
