npi,legal_name,name,address,city,state,zip,phone,license,taxonomy_codes,lat,lon
1336635614,"BETH ISRAEL LAHEY HEALTH PHARMACY, INC.","BILH PHARMACY, 364 BROOKLINE AVE, BOSTON",364 BROOKLINE AVE,Boston,MA,02215,617-667-6200,DS90256,3336C0003X,42.338804746048,-71.10732186463
1104820679,BIOSCRIP PHARAMCY INC,BIOSCRIP PHARMACY,21 STANHOPE ST,Boston,MA,02116,617-375-7969,2944,"332B00000X,3336C0003X",42.348833032019,-71.072530666878
1760828149,BLUE HILL PHARMACY LLC,BLUE HILL PHARMACY,320 BLUE HILL AVE,Boston,MA,02121,339-987-0167,,3336C0003X,,
1669142725,"BOSTON CHILDREN'S HEALTH SOLUTIONS RX, LLC",BOSTON CHILDREN'S PHARMACY,283 LONGWOOD AVE,Boston,MA,02115,617-919-5330,,"3336C0003X,3336S0011X",42.337789645207,-71.105038763619
1285216127,"BOSTON CHILDREN'S HEALTH SOLUTIONS RX, LLC","BOSTON CHILDREN'S HEALTH SOLUTIONS RX, LLC",283 LONGWOOD AVE,Boston,MA,02115,617-355-6810,,"3336C0003X,3336C0004X,3336S0011X",42.337789645207,-71.105038763619
1194443531,"BOSTON HEALTH CARE FOR THE HOMELESS PROGRAM, INC.",BHCHP PHARMACY,780 ALBANY ST STE A,Boston,MA,02118,857-654-1790,,3336C0003X,42.334258486235,-71.072329382811
1699473629,BOSTON MEDICAL CENTER CORPORATION,BMC PHARMACY AT CROSSTOWN,801 MASSACHUSETTS AVE,Boston,MA,02118,617-638-8220,,3336C0003X,42.333435305271,-71.07350412891
1083952329,BOSTON MEDICAL CENTER CORPORATION,BOSTON MEDICAL CENTER CORPORATION,725 ALBANY STREET,Boston,MA,02118,617-414-4880,,"3336C0003X,3336C0004X,3336L0003X",42.335523333941,-71.070778132351
1851005763,BOSTON MEDICAL CENTER CORPORATION,BMC PHARMACY AT CROSSTOWN,801 MASSACHUSETTS AVE,Boston,MA,02118,617-638-8220,,3336C0003X,42.333435305271,-71.07350412891
1205473162,BOSTON MEDICAL CENTER CORPORATION,BOSTON MEDICAL CENTER CORPORATION,637 WASHINGTON ST,Dorchester,MA,02124,617-638-8150,,3336C0003X,42.289401802827,-71.071412075929
1427697572,BOSTON MEDICAL CENTER CORPORATION,BMC PHARMACY AT MANET,110 W SQUANTUM ST,North Quincy,MA,02171,617-638-8140,,3336C0003X,42.27241319728,-71.031369434778
1417290131,BOSTON MEDICAL CENTER CORPORATION,BOSTON MEDICAL CENTER CORPORATION,725 ALBANY STREET,Boston,MA,02118,617-414-4880,DS89861,3336C0003X,42.335523333941,-71.070778132351
1295372563,BOSTON MEDICAL CENTER CORPORATION DBA BMC PHARMACY AT CODMAN SQUARE,BOSTON MEDICAL CENTER CORPORATION DBA BMC PHARMACY AT CODMAN SQUARE,637 WASHINGTON ST,Dorchester,MA,02124,617-638-8150,,3336C0003X,42.289401802827,-71.071412075929
1689144982,"BRIGHAM & WOMENS HOSPITAL, INC.",BRIGHAM AND WOMEN'S OUTPATIENT PHARMACY,45 FRANCIS ST,Boston,MA,02115,617-732-6233,,3336C0003X,42.334807042369,-71.105762369723
1356990931,CAPSULE PHARMACY BOSTON LLC,CAPSULE PHARMACY BOSTON LLC,414 BOYLSTON ST,Boston,MA,02116,617-544-2898,,3336C0003X,42.351533564353,-71.071784199812
1568699114,CVS PHARMACY INC,CVS PHARMACY# 08972,285 COLUMBUS AVE,Boston,MA,02116,617-236-8538,,"332B00000X,333600000X,3336C0003X",42.34644571465,-71.074654358843
1790083434,CVS PHARMACY INC,CVS PHARMACY# 04666,101 CANAL ST,Boston,MA,02114,617-227-0720,,"332B00000X,333600000X,3336C0003X",42.364539503827,-71.059987443491
1386061406,CVS PHARMACY INC,CVS PHARMACY #10174,700 ATLANTIC AVE,Boston,MA,02111,617-737-7232,,"332B00000X,333600000X,3336C0003X",42.352545688264,-71.05535953407
1346349636,CVS PHARMACY INC,CVS PHARMACY# 01876,900 COMMONWEALTH AVE,Boston,MA,02215,617-232-2100,2064,"332B00000X,333600000X,3336C0003X",42.35097439218,-71.115897262955
1457832933,CVS PHARMACY INC,CVS PHARMACY #11082,341 HARRISON AVE,Boston,MA,02118,617-556-3922,,"332B00000X,333600000X,3336C0003X",42.345121103576,-71.063838067473
1578662920,CVS PHARMACY INC,CVS PHARMACY #00049,333 WASHINGTON ST,Boston,MA,02108,617-426-1970,20933,"332B00000X,333600000X,3336C0003X",42.356793813223,-71.059076566716
1447491790,CVS PHARMACY INC,CVS PHARMACY #00619,1150 SARATOGA ST,Boston,MA,02128,617-569-2638,,"332B00000X,333600000X,3336C0003X",42.384449661473,-71.000429040743
1477652832,CVS PHARMACY INC,CVS PHARMACY # 01206,240 NEWBURY ST,Boston,MA,02116,617-236-4007,2033,"332B00000X,333600000X,3336C0003X",42.349645859027,-71.082093678498
1194383869,CVS PHARMACY INC,CVS PHARMACY #11200,800 BOYLSTON ST,Boston,MA,02199,617-880-1497,,"332B00000X,333600000X,3336C0003X",42.348748248691,-71.082130672106
1538268990,CVS PHARMACY INC,CVS PHARMACY # 00720,2235 DORCHESTER AVE,Boston,MA,02124,617-296-1025,1003,"332B00000X,333600000X,3336C0003X",42.274108530512,-71.067644008635
1235238536,CVS PHARMACY INC,CVS PHARMACY # 01900,218 HANOVER ST,Boston,MA,02113,617-720-2981,3193,"332B00000X,333600000X,3336C0003X",42.36304456252,-71.055347703714
1144329434,CVS PHARMACY INC,CVS PHARMACY #00260,155 CHARLES ST # 157,Boston,MA,02114,617-523-1028,2294,"332B00000X,333600000X,3336C0003X",42.360094694847,-71.070749291329
1316046618,CVS PHARMACY INC,CVS PHARMACY #00524,350 LONGWOOD AVE,Boston,MA,02115,617-731-5753,2532,"332B00000X,333600000X,3336C0003X",42.338718619335,-71.107057487769
1013016476,CVS PHARMACY INC,CVS PHARMACY # 01259,231 MASSACHUSETTS AVE,Boston,MA,02115,617-266-6775,1974,"332B00000X,333600000X,3336C0003X",42.344486777828,-71.086453984559
1104925569,CVS PHARMACY INC,CVS PHARMACY #01258,191 CAMBRIDGE ST,Boston,MA,02114,617-367-0441,2636,"332B00000X,333600000X,3336C0003X",42.361255369136,-71.066280686787
1821197120,CVS PHARMACY INC,CVS PHARMACY # 05874,631 WASHINGTON ST,Boston,MA,02111,617-338-0128,3293,"332B00000X,333600000X,3336C0003X",42.352456623008,-71.062649062766
1427723535,CVS PHARMACY INC,CVS PHARMACY #11201,191 STUART ST,Boston,MA,02116,617-406-2991,,"332B00000X,333600000X,3336C0003X",42.350914552565,-71.067296582941
1568561926,CVS PHARMACY INC,CVS PHARMACY #01217,587 BOYLSTON ST,Boston,MA,02116,617-437-7916,2011,"332B00000X,333600000X,3336C0003X",42.350266404228,-71.076914621978
1568916302,CVS PHARMACY INC,CVS PHARMACY #10517,91 SEAPORT BLVD,Boston,MA,02210,857-350-4646,DS90064,"332B00000X,333600000X,3336C0003X",42.349857054708,-71.041559096846
1609255959,CVS PHARMACY INC.,CVS PHARMACY #17655,1341 BOYLSTON ST,Boston,MA,02215,612-555-5555,DS89999,"332B00000X,333600000X,3336C0003X",42.344225414945,-71.099286729408
1083849525,DAISYS PHARMACY CORP,"HEALTH FIRST PHARMACY, INC.",1670 COMMONWEALTH AVE,Boston,MA,02135,617-206-3233,DS89662,3336C0003X,42.341632303658,-71.145154017116
1336805761,ELYSIAN ENTERPRISES INC,GARY DRUG CO.,59 CHARLES ST,Boston,MA,02114,617-227-0023,,3336C0003X,42.357768897555,-71.070192741976
1184899957,FENWAY COMMUNITY HEALTH CENTER INC,FENWAY PHARMACY SEA,142 BERKELEY ST,Boston,MA,02116,617-927-6163,ds3583,3336C0003X,42.348903588662,-71.0720192687
1043684582,GALAXY PHARMACY BOSTON INC,GALAXY PHARMACY,534 DORCHESTER AVE UNIT C-1,Boston,MA,02127,617-268-0800,DS90255,3336C0003X,42.331054530294,-71.056886148506
1740615574,GALAXY PHARMACY LLC,GALAXY PHARMACY,534 DORCHESTER AVE UNIT C-1,Boston,MA,02127,617-268-0800,DS89898,3336C0003X,42.331054530294,-71.056886148506
1194474684,GENOA HEALTHCARE LLC,GENOA HEALTHCARE LLC,66 CANAL ST RM P,Boston,MA,02114,857-263-2201,,"332B00000X,333600000X,3336C0003X,3336L0003X",42.364686702088,-71.060381410674
1437219466,GIANGREGORIO BROS INC.,GREEN CROSS PHARMACY,393 HANOVER ST,Boston,MA,02113,617-227-3728,3949,3336C0003X,42.365160135383,-71.053042524068
1902841430,GREENFIELD ENTERPRISES INC,GARY DRUG COMPANY,59 CHARLES ST,Boston,MA,02114,617-227-0023,DS3937,"333600000X,3336C0003X",42.357768897555,-71.070192741976
1114858347,INSITO HEALTH INC.,MEDFINDER,373 WASHINGTON ST STE 1009,Boston,MA,02108,617-631-8894,,3336C0003X,42.356369063914,-71.059552908894
1710047014,J&G EINSIDLER CORPORATION,610 TREMONT DRUG,610 TREMONT ST,Boston,MA,02118,617-262-3389,2808,"332B00000X,3336C0003X",42.342753623591,-71.073776815533
1558427823,CAMBRIDGE PUBLIC HEALTH COMMISSION,CAMBRIDGE HEALTH ALLIANCE OUTPATIENT PHARMACY,1493 CAMBRIDGE ST,Cambridge,MA,02139,617-665-1438,3051,"3336C0003X,3336S0011X",42.374136675956,-71.103486850962
1477669547,CIAMPA APOTHECARY,CIAMPA APOTHECARY,425 CAMBRIDGE ST,Cambridge,MA,02141,617-547-0322,979,"332B00000X,3336C0003X",42.371508464971,-71.083192260322
1144329509,CVS PHARMACY INC,CVS PHARMACY # 01022,215 ALEWIFE BROOK PKWY,Cambridge,MA,02138,617-661-6422,1556,"332B00000X,333600000X,3336C0003X",42.389811625692,-71.142567834618
1063511426,CVS PHARMACY INC,CVS PHARMACY # 01002,624 MASSACHUSETTS AVE,Cambridge,MA,02139,617-876-7868,3060,"332B00000X,333600000X,3336C0003X",42.365203492044,-71.103509950878
1548737141,CVS PHARMACY INC,CVS PHARMACY #10891,225 CAMBRIDGE ST,Cambridge,MA,02141,617-528-2109,,"332B00000X,333600000X,3336C0003X",42.371065132514,-71.079762433361
1801995261,CVS PHARMACY INC,CVS PHARMACY # 00717,36 WHITE ST,Cambridge,MA,02140,617-876-5519,24854,"332B00000X,333600000X,3336C0003X",,
1952400301,CVS PHARMACY INC,CVS PHARMACY #00240,6 JFK ST,Cambridge,MA,02138,617-354-4420,DS89959,"332B00000X,333600000X,3336C0003X",42.373217526352,-71.119546839852
1356061931,CVS PHARMACY INC.,CVS PHARMACY #11242,238 MAIN ST,Cambridge,MA,02142,617-528-2775,,"332B00000X,333600000X,3336C0003X",42.362226518357,-71.084626097847
1093814600,"INMAN PHARMACY, INC","INMAN PHARMACY, INC",1414 CAMBRIDGE STREET,Cambridge,MA,02139,617-876-4868,1111,"3336C0003X,3336L0003X",42.373772910126,-71.101608292669
1386690816,SHAWS SUPERMARKETS INC,STAR MARKET PHARMACY #2565,699 MOUNT AUBURN ST,Cambridge,MA,02138,617-661-9337,DS2481,"332B00000X,333600000X,3336C0003X",42.375335826859,-71.145656292044
1467462804,SKENDERIAN APOTHECARY,SKENDERIAN APOTHECARY,1613 CAMBRIDGE ST,Cambridge,MA,02138,617-354-5600,DS1058,"333600000X,3336C0003X",42.374837456664,-71.1089116411
1730604893,WALGREEN CO,WALGREENS #17165,1740 MASSACHUSETTS AVE,Cambridge,MA,02138,617-876-7662,DS90184,"332B00000X,333600000X,3336C0003X",42.3847818453,-71.11954547163
1255346466,WALGREEN CO,WALGREENS #06767,625 MASSACHUSETTS AVE,Cambridge,MA,02139,617-491-8157,3156,"332B00000X,333600000X,3336C0003X",42.36527247032,-71.103380593097
1730605098,WALGREEN CO,WALGREENS #19487,330 RIVER ST,Cambridge,MA,02139,617-492-9030,DS90185,"332B00000X,333600000X,3336C0003X",42.362027548302,-71.114054878481
1619270006,ANDERSON HOLDINGS,J.E. PIERCE APOTHECARY COMPOUNDING LAB,1093 BEACON ST BSMT BSMT,Brookline,MA,02446,617-608-3022,89745,"333600000X,3336C0003X,3336C0004X",42.344905349939,-71.110575475181
1821154014,ANDERSON HOLDINGS,J.E. PIERCE APOTHECARY,1180 BEACON ST,Brookline,MA,02446,617-566-4080,DS89671,3336C0003X,42.344197916156,-71.114480533082
1659470011,CVS PHARMACY INC,CVS PHARMACY # 01212,294 HARVARD ST,Brookline,MA,02446,617-731-6860,1978,"332B00000X,333600000X,3336C0003X",42.342393731707,-71.121704029752
1861591224,CVS PHARMACY INC,CVS PHARMACY # 01071,400 WASHINGTON ST,Brookline,MA,02446,617-277-6626,3044,"332B00000X,333600000X,3336C0003X",42.334720654656,-71.123497407198
1366250482,"NEW ENGLAND PHARMACY, LLC",NEW ENGLAND PHARMACY & WELLNESS,1655 BEACON ST,Brookline,MA,02445,617-860-1080,,"3336C0003X,3336L0003X",42.33878580511,-71.136722095863
1205980570,"VILLAGE FERTILITY PHARMACY, INC.",VILLAGE PHARMACY,1 BROOKLINE PL,Brookline,MA,02445,617-735-9090,1430,"3336C0003X,3336C0004X,3336S0011X",,
1629083837,WALGREEN CO,WALGREENS #03564,99 HARVARD ST,Brookline,MA,02446,617-731-4536,2760,"332B00000X,333600000X,3336C0003X",42.336231412824,-71.120738346403
1477741221,CVS PHARMACY INC,CVS PHARMACY #08319,1 DAVIS SQ,Somerville,MA,02144,617-629-4156,,"332B00000X,333600000X,3336C0003X",42.396645415895,-71.122288602015
1710086178,CVS PHARMACY INC,CVS PHARMACY #00714,532 MEDFORD ST,Somerville,MA,02145,617-628-1401,24892,"332B00000X,333600000X,3336C0003X",42.396635059721,-71.103931784406
1740871714,CVS PHARMACY INC,CVS PHARMACY #11400,495 GRAND UNION BLVD,Somerville,MA,02145,617-616-1065,,"332B00000X,333600000X,3336C0003X",42.393960035757,-71.080587622836
1396767059,CVS PHARMACY INC.,CVS PHARMACY #16773,180 SOMERVILLE AVE,Somerville,MA,02143,617-776-4919,DS90015,"332B00000X,333600000X,3336C0003X",42.377416296099,-71.089744842945
1649127069,EAST WEST PHARMACY LLC,EAST WEST PHARMACY LLC,1210 BROADWAY,Somerville,MA,02144,617-539-8003,,3336C0003X,42.404218898265,-71.129079620127
1043242936,THE STOP & SHOP SUPERMARKET COMPANY LLC,STOP AND SHOP PHARMACY #498,771 MCGRATH HIGHWAY,Somerville,MA,02145,617-666-1404,3350,"332B00000X,333600000X,3336C0003X",42.39055982668,-71.087140462059
1073038352,WALGREEN CO,WALGREENS #17685,14 MCGRATH HWY STE 3,Somerville,MA,02143,617-776-3000,DS90192,"332B00000X,333600000X,3336C0003X",42.374076979946,-71.083059010914
1437674660,WALGREEN CO,RITE AID #17906,393 HIGHLAND AVE,Somerville,MA,02144,617-776-7730,DS90393,"332B00000X,333600000X,3336C0003X",42.395583870413,-71.120063080105
1417472663,WALGREEN CO,WALGREENS #17531,343 BROADWAY,Somerville,MA,02145,617-628-1010,DS90195,"332B00000X,333600000X,3336C0003X",42.393474836103,-71.094783314951
1215453667,WALGREEN CO,WALGREENS #18091,530 SOMERVILLE AVE,Somerville,MA,02143,617-776-9320,DS90194,"332B00000X,333600000X,3336C0003X",42.383241519533,-71.106833560764
1609881804,WALGREEN EASTERN CO INC,WALGREENS #02945,16 BEACON ST,Somerville,MA,02143,617-497-5763,2251,"332B00000X,333600000X,3336C0003X",42.374761568809,-71.102186657328
1528073723,WALGREEN EASTERN CO INC,WALGREENS #02760,343 BROADWAY,Somerville,MA,02145,617-776-5104,2139,"332B00000X,333600000X,3336C0003X",42.393474836103,-71.094783314951
1922191485,ACCRX INC,ACC APOTHECARY,153 CALIFORNIA ST,Newton,MA,02458,617-527-1563,DS3530,"333600000X,3336C0003X,3336C0004X",42.364626214444,-71.194077109503
1043830086,APOTHECO PHARMACY NEWTON LLC,APOTHECO PHARMACY NEWTON LLC,71 NEEDHAM ST,Newton,MA,02461,857-995-6669,,3336C0003X,42.314705462682,-71.211023025499
1932208386,CVS PHARMACY INC,CVS PHARMACY #00107,839 WASHINGTON ST,Newton,MA,02460,617-527-8930,17796,"332B00000X,333600000X,3336C0003X",42.351628462724,-71.207657223315
1447470661,CVS PHARMACY INC,CVS PHARMACY #06505,978 BOYLSTON ST,Newton,MA,02461,617-244-0821,,"332B00000X,333600000X,3336C0003X",42.318882180226,-71.211607373383
1841390275,CVS PHARMACY INC,CVS PHARMACY # 01858,1199 1201 CENTER ST,Newton,MA,02459,617-332-4900,2146,"332B00000X,333600000X,3336C0003X",42.331596648069,-71.194652235623
1366876005,ROGERS FOX GROUP INC,FOX'S DRUGSTORE,416 WATERTOWN ST,Newton,MA,02458,617-244-3535,DS89901,3336C0003X,42.359690077913,-71.202696913516
1316256134,WALGREEN CO,WALGREENS #13081,399 WASHINGTON ST,Newton,MA,02458,617-658-6421,DS89742,"332B00000X,333600000X,3336C0003X",42.356089058036,-71.189775519128
1407861693,WALGREEN EASTERN CO INC,WALGREENS #02330,1101 BEACON ST,Newton,MA,02461,617-332-6880,1736,"332B00000X,333600000X,3336C0003X",42.330888631975,-71.207082294596
1740649029,CVS PHARMACY INC,CVS PHARMACY #10601,655 MOUNT AUBURN ST,Watertown,MA,02472,617-744-0842,DS90038,"332B00000X,333600000X,3336C0003X",42.371770558396,-71.15714251149
1508965963,CVS PHARMACY INC,CVS PHARMACY# 01012,27 MAIN ST,Watertown,MA,02472,617-926-6660,1570,"332B00000X,333600000X,3336C0003X",42.365862071203,-71.18518864888
1235238692,CVS PHARMACY INC,CVS PHARMACY # 01018,189 WATERTOWN ST,Watertown,MA,02472,617-332-5528,1537,"332B00000X,333600000X,3336C0003X",42.362198462192,-71.193432647841
1205858966,CVS PHARMACY INC.,CVS PHARMACY #16774,550 ARSENAL ST,Watertown,MA,02472,617-924-5987,DS90016,"332B00000X,333600000X,3336C0003X",42.362773640775,-71.156458369593
1407227895,NIMBLE PHARMACY INC,NIMBLE PHARMACY,315 MAIN ST,Watertown,MA,02472,866-966-4625,,"333600000X,3336C0003X",,
1699154427,SUN HEALTH SYSTEMS,BRAVO PHARMACY,309 MAIN ST,Watertown,MA,02472,617-553-2501,,3336C0003X,42.369905392071,-71.191105777972
1730489493,CHELSEA PHARM INC,MARGOLIS PHARMACY,447 BROADWAY,Chelsea,MA,02150,617-884-3524,DS89744,"332B00000X,333600000X,3336C0003X",42.392619240544,-71.034280405375
1134391998,CVS PHARMACY INC,CVS PHARMACY #00109,1010 REVERE BEACH PARKWAY,Chelsea,MA,02150,617-884-1095,,"332B00000X,333600000X,3336C0003X",,
1982880001,CVS PHARMACY INC,CVS PHARMACY #00496,324 BROADWAY,Chelsea,MA,02150,617-889-1529,,"332B00000X,333600000X,3336C0003X",42.391379887917,-71.036697241902
1366061061,GENOA HEALTHCARE LLC,GENOA HEALTHCARE LLC,301 BROADWAY STE P,Chelsea,MA,02150,253-218-0830,,"332B00000X,333600000X,3336C0003X,3336L0003X",42.391104159301,-71.036929842368
1952405458,MARGOLIS PHARMACY INC,MARGOLIS PHARMACY INC,447 BROADWAY,Chelsea,MA,02150,617-884-3524,2974,"333600000X,3336C0003X",42.392619240544,-71.034280405375
1285906313,SACRED POWER USA LLC,BOSTON COMMUNITY PHARMACY,180 EVERETT AVE,Chelsea,MA,02150,617-884-0404,DS89806,"333600000X,3336C0003X",42.397014531683,-71.040151022576
1518972702,WALGREEN EASTERN CO INC,WALGREENS #03759,1010 BROADWAY,Chelsea,MA,02150,617-884-0917,2701,"332B00000X,333600000X,3336C0003X",42.402622906479,-71.019092876033
1588774103,COSTCO WHOLESALE CORPORATION,COSTCO WHOLESALE CORPORATION,2 MYSTIC VIEW RD,Everett,MA,02149,617-544-4805,DS3211,"333600000X,3336C0003X",42.395126643741,-71.073977850694
1770505430,CVS PHARMACY INC.,CVS PHARMACY #16584,1 MYSTIC VIEW RD,Everett,MA,02149,617-420-0001,DS90018,"332B00000X,333600000X,3336C0003X",42.394779943373,-71.065358022823
1639225899,PRESCRIPTION SHOPPE INC,PRESCRIPTION SHOPPE,378 BROADWAY,Everett,MA,02149,617-389-7440,DS6654,3336C0003X,42.405328425695,-71.057203731766
1245245430,WALGREEN CO,WALGREENS #03496,317 FERRY ST,Everett,MA,02149,617-389-2188,2539,"332B00000X,333600000X,3336C0003X",42.413753237952,-71.04645102043
1336665686,WALGREEN CO,WALGREENS #17728,405 BROADWAY,Everett,MA,02149,617-387-0005,DS90161,"332B00000X,333600000X,3336C0003X",42.406163605608,-71.056208609659
1790599652,CAMBRIDGE PUBLIC HEALTH COMMISSION,CAMBRIDGE HEALTH ALLIANCE OUTPATIENT PHARMACY MEDFORD,1 CABOT RD,Medford,MA,02155,617-591-6820,,3336C0003X,42.408839575624,-71.086361638267
1598864944,CVS PHARMACY INC,CVS PHARMACY #00026,590 FELLSWAY,Medford,MA,02155,781-391-2668,2912,"332B00000X,333600000X,3336C0003X",42.409915700277,-71.084759275595
1699874057,CVS PHARMACY INC,CVS PHARMACY #01010,85 HIGH ST,Medford,MA,02155,617-396-4771,1530,"332B00000X,333600000X,3336C0003X",42.4188067207,-71.111720034583
1568953529,"CVS PHARMACY, INC.",CVS PHARMACY #17736,471 SALEM ST,Medford,MA,02155,781-396-1001,,"332B00000X,333600000X,3336C0003X",42.423921407292,-71.089898378248
1912953449,SHAWS SUPERMARKETS INC,SHAWS SUPERMARKETS INC,61 LOCUST ST,Medford,MA,02155,781-395-3233,DS3037,"332B00000X,333600000X,3336C0003X",42.40795644322,-71.093227252988
1275545857,SHORE PHARMACY,SHORE PHARMACY,429 HIGH ST,Medford,MA,02155,781-395-4420,2621,"332B00000X,333600000X,3336C0003X",42.421188433752,-71.130705535021
1508524075,TUFTS MEDICINE PHARMACY LLC,TUFTS MEDICINE PHARMACY LLC,170 GOVERNORS AVE,Medford,MA,02155,978-942-2156,,"251F00000X,332B00000X,3336C0003X,3336H0001X",,
1831617976,WALGREEN CO,WALGREENS #19460,491 HIGH ST,Medford,MA,02155,781-646-9622,DS90146,"332B00000X,333600000X,3336C0003X",42.421367902945,-71.133484467353
1518483866,WALGREEN CO,WALGREENS #19536,467 SALEM ST,Medford,MA,02155,781-396-8350,DS90148,"332B00000X,333600000X,3336C0003X",42.423799155945,-71.090083113608
1518998079,WALGREEN CO,WALGREEN CO,49 STATION LNDG,Medford,MA,02155,781-393-5693,3460,"332B00000X,333600000X,3336C0003X",42.403682698406,-71.080695235182
1972603314,CVS PHARMACY INC,CVS PHARMACY #00130,23 25 MASSACHUSETTS AVE ALWIFE PLZ,Arlington,MA,02474,617-648-0557,2535,"332B00000X,333600000X,3336C0003X",42.401869307193,-71.137317192538
1306152863,CVS PHARMACY INC,CVS PHARMACY# 00278,833 MASSACHUSETTS AVE,Arlington,MA,02476,781-643-4272,,"332B00000X,333600000X,3336C0003X",42.416880124009,-71.160640404711
1770669988,MAIDA PHARMACY INC,MAIDA PHARMACY INC,121 MASSACHUSETTS AVE,Arlington,MA,02474,781-643-7840,DS2822,"333600000X,3336C0003X,3336C0004X",42.403977341286,-71.139881335668
1538174743,WALGREEN CO,WALGREENS #03112,1425 MASSACHUSETTS AVE,Arlington,MA,02476,781-646-3869,2798,"332B00000X,333600000X,3336C0003X",42.425006481128,-71.187537811877
1790790988,WALGREEN EASTERN CO INC,WALGREENS #01864,324 MASSACHUSETTS AVE,Arlington,MA,02474,781-643-4112,1370,"332B00000X,333600000X,3336C0003X",42.410190930694,-71.147661489388
1609215946,BELMONT PHARMACY LLC,BELMONT PHARMACY,246 TRAPELO RD,Belmont,MA,02478,617-489-1616,DS89932,3336C0003X,42.382894659668,-71.18065770531
1417056706,CVS PHARMACY INC,CVS PHARMACY # 01848,264 TRAPELO RD,Belmont,MA,02478,617-489-5528,3374,"332B00000X,333600000X,3336C0003X",42.38345765328,-71.181267862741
1699874040,CVS PHARMACY INC,CVS PHARMACY # 00025,89 LEONARD ST,Belmont,MA,02478,617-489-3669,2238,"332B00000X,333600000X,3336C0003X",42.39820087162,-71.174641871438
1194771626,SHAWS SUPERMARKETS INC,SHAWS PHARMACY #2583,535 TRAPELO RD,Belmont,MA,02478,617-489-6542,DS3194,"332B00000X,333600000X,3336C0003X",42.388369295834,-71.191704243806
1912006677,SHORX INC,SHORE DRUG,297 BELMONT ST,Belmont,MA,02478,617-484-7007,1285,"3336C0003X,3336C0004X,3336L0003X",42.376986028971,-71.164077966366
1083413264,UNION PHARMACY STORE 6,UNION PHARMACY BELMONT,43 LEONARD ST,Belmont,MA,02478,857-394-1025,,3336C0003X,42.397254542126,-71.175488942768
1134812647,CAMBRIDGE PUBLIC HEALTH COMMISSION,CAMBRIDGE HEALTH ALLIANCE OUTPATIENT PHARMACY REVERE,454 BROADWAY,Revere,MA,02151,781-485-8272,,3336C0003X,42.411315299626,-71.01161827422
1518055938,CVS PHARMACY INC,CVS PHARMACY 00009,467 BROADWAY,Revere,MA,02151,781-289-6099,16477,"332B00000X,333600000X,3336C0003X",42.411585657838,-71.011272010953
1538181292,CVS PHARMACY INC.,CVS PHARMACY #17059,36 FURLONG DR,Revere,MA,02151,781-922-6031,DS90024,"332B00000X,333600000X,3336C0003X",,
1659471084,MAXI DRUG INC,RITE AID PHARMACY 10166,467 BROADWAY,Revere,MA,02151,781-289-8656,3135,"332B00000X,3336C0003X",42.411585657838,-71.011272010953
1760804397,SEASIDE PHARMACY INC.,SEASIDE PHARMACY INC.,169 SHIRLEY AVE,Revere,MA,02151,781-284-6525,,3336C0003X,42.407586408918,-70.994431047636
1366795809,"THE STOP & SHOP SUPERMARKET COMPANY, LLC",STOP AND SHOP PHARMACY # 11,40 FURLONG DR,Revere,MA,02151,781-284-0717,,3336C0003X,,
1326053513,WALGREEN CO.,WALGREENS #10824,430 BROADWAY,Revere,MA,02151,781-289-3607,1377,"332B00000X,333600000X,3336C0003X",42.410900805342,-71.011891755201
1629111554,BROWN'S REXALL DRUG STORE,BROWN'S REXALL DRUG STORE,214 WINTHROP ST,Winthrop,MA,02152,617-846-1500,1240,3336C0003X,42.376425592661,-70.984022369889
1316046766,CVS PHARMACY INC,CVS PHARMACY #00140,3 WOODSIDE AVE,Winthrop,MA,02152,617-846-9155,2729,"332B00000X,333600000X,3336C0003X",42.375796473212,-70.987547482079
1861543845,SAMUELS PHARMACY INC,SAMUELS PHARMACY INC,46 WOODSIDE AVE,Winthrop,MA,02152,617-846-2200,15095,"333600000X,3336C0003X",42.374819930605,-70.98676752938
1427680743,CAMBRIDGE PUBLIC HEALTH COMMISSION,CAMBRIDGE HEALTH ALLIANCE SPECIALTY PHARMACY,350 MAIN STREET SUITE 640,Malden,MA,02148,781-338-0670,,"3336C0003X,3336L0003X,3336S0011X",42.425398177589,-71.067783963836
1295182301,CAMBRIDGE PUBLIC HEALTH COMMISSION,CAMBRIDGE HEALTH ALLIANCE OUTPATIENT PHARMACY MALDEN,195 CANAL ST ATTN: OUTPATIENT PHARMACY,Malden,MA,02148,781-338-8990,,3336C0003X,42.42089140055,-71.072391474107
1861625659,CVS PHARMACY INC,CVS PHARMACY # 08906,575 BROADWAY,Malden,MA,02148,781-321-1017,,"332B00000X,333600000X,3336C0003X",42.440200055031,-71.031887788336
1154420511,CVS PHARMACY INC,CVS PHARMACY #01001,1080 EASTERN AVE,Malden,MA,02148,781-322-5890,1523,"332B00000X,333600000X,3336C0003X",42.430474613701,-71.038939053196
1902905367,CVS PHARMACY INC,CVS PHARMACY #00672,32 FERRY ST,Malden,MA,02148,617-324-1101,DS89987,"332B00000X,333600000X,3336C0003X",42.426124916862,-71.06578349033
1427060102,ELMWOOD PHARMACY,ELMWOOD PHARMACY,299 PLEASANT ST,Malden,MA,02148,781-322-2117,9460,3336C0003X,42.427240898561,-71.075589627746
1114939915,FRANK A FRITZ INC,AUCELLA DRUG COMPANY,705 SALEM ST,Malden,MA,02148,781-324-7060,1213,"333600000X,3336C0003X",42.433654831867,-71.045263684247
1508334376,MAPLEWOOD WELLNESS PHARMACY INC,MAPLEWOOD WELLNESS PHARMACY INC,904 SALEM ST,Malden,MA,02148,781-605-1775,,3336C0003X,42.434220097435,-71.03902855275
1184700098,THE FORTY-FOUR WILLOW STREET CORP.,SHAN LOR DRUG,44 WILLOW ST,Malden,MA,02148,781-324-0400,9573,3336C0003X,42.426950974642,-71.053408113758
1245262120,"THE STOP & SHOP SUPERMARKET COMPANY, LLC",STOP AND SHOP PHARMACY #62,99 CHARLES ST,Malden,MA,02148,781-397-0050,2205,"332B00000X,333600000X,3336C0003X",42.423537406453,-71.072034336821
1972518173,WALGREEN CO,WALGREENS #03130,185 CENTRE ST,Malden,MA,02148,781-321-1765,2338,"332B00000X,333600000X,3336C0003X",,
1174530158,WALGREEN CO,WALGREENS #04966,215 BEACH ST,Malden,MA,02148,781-324-4745,2924,"332B00000X,333600000X,3336C0003X",42.431641581208,-71.024405011441
1831640408,"ATLAS PHARMAHEALTH, INC.",CROWN COLONY PHARMACY & CO.,500 CONGRESS ST STE 1B,Quincy,MA,02169,617-472-9000,DS90257,"333600000X,3336C0003X,3336C0004X,3336S0011X",42.234162430426,-71.016787949195
1497853428,BLACKWOOD PHARMACY INC,BLACKWOOD PHARMACY,181 PARKINGWAY,Quincy,MA,02169,617-471-3300,3345,"332B00000X,333600000X,3336C0003X",42.245182604341,-71.003297985216
1760984017,CROWN COLONY PHARMACY INC,CROWN COLONY PHARMACY,500 CONGRESS ST STE 1B,Quincy,MA,02169,617-472-9000,DS90247,"333600000X,3336C0003X,3336C0004X",42.234162430426,-71.016787949195
1659298925,CROWN COLONY RX INC,CROWN COLONY RX INC,500 CONGRESS ST STE 1B,Quincy,MA,02169,617-472-9000,,"3336C0003X,3336C0004X",42.234162430426,-71.016787949195
1154166551,CROWN PHARMACY LLC,CROWN COLONY PHARMACY,500 CONGRESS ST STE 1B,Quincy,MA,02169,617-472-9000,,"3336C0003X,3336C0004X,3336S0011X",42.234162430426,-71.016787949195
1245330679,CVS PHARMACY INC,CVS PHARMACY # 00137,626 SOUTHERN ARTERY RTE 3A,Quincy,MA,02169,617-472-7534,2951,"332B00000X,333600000X,3336C0003X",42.252379283747,-70.988147708885
1104925403,CVS PHARMACY INC,CVS PHARMACY # 02454,321 QUINCY SHORE DR,Quincy,MA,02171,617-471-0041,2932,"332B00000X,333600000X,3336C0003X",42.287370949309,-71.02343896806
1447660576,GALAXY PHARMACY LLC,GALAXY PHARMACY,343 NEWPORT AVE,Quincy,MA,02170,617-302-4966,,3336C0003X,42.265133861601,-71.019306403112
1932687654,GENOA HEALTHCARE LLC,GENOA HEALTHCARE LLC,460 QUINCY AVE RM 236,Quincy,MA,02169,617-934-0149,,"332B00000X,333600000X,3336C0003X,3336L0003X",42.238731815731,-70.983676158448
1851492078,"LIBUN APOTHECARY & SURGICAL SUPPLY, INC",BAXTER PHARMACY,464 WASHINGTON ST,Quincy,MA,02169,617-773-7733,3502,"332B00000X,3336C0003X",42.248411239806,-70.9834406482
1578813143,"MEDI-SON SOLUTIONS, LLC",CAREPRO PHARMACY,343 NEWPORT AVE,Quincy,MA,02170,781-352-2602,,3336C0003X,42.265133861601,-71.019306403112
1902747579,"SOUTH COVE COMMUNITY HEALTH CENTER, INC.",NON-340B,435 HANCOCK ST,Quincy,MA,02171,617-318-3300,,3336C0003X,42.272694741219,-71.024500694532
1740527175,"SOUTH COVE COMMUNITY HEALTH CENTER, INC.",340B,435 HANCOCK ST,Quincy,MA,02171,617-318-3300,,3336C0003X,42.272694741219,-71.024500694532
1437181310,"THE STOP & SHOP SUPERMARKET COMPANY, LLC",STOP AND SHOP PHARMACY #17,495 SOUTHERN ARTERY,Quincy,MA,02169,617-471-6707,3084,"332B00000X,333600000X,3336C0003X",42.254176565353,-70.995561468539
1457383325,"THE STOP & SHOP SUPERMARKET COMPANY, LLC",STOP AND SHOP PHARMACY #20,65 NEWPORT AVE,Quincy,MA,02171,617-328-6622,2669,"332B00000X,333600000X,3336C0003X",42.273632971279,-71.028786876746
1013934322,WAL-MART STORES EAST LP,WAL-MART PHARMACY 10-2341,301 FALLS BLVD,Quincy,MA,02169,617-745-4393,CS2800,"332B00000X,333600000X,3336C0003X",42.237963988021,-70.986049483369
1053836049,WALGREEN CO,WALGREENS #18361,132 GRANITE ST,Quincy,MA,02169,617-479-2330,DS90190,"332B00000X,333600000X,3336C0003X",42.245604048322,-71.006321772056
1386955250,WALGREEN CO,WALGREENS # 11831,324 HANCOCK ST,Quincy,MA,02171,617-471-0517,DS89734,"332B00000X,333600000X,3336C0003X",42.275799621817,-71.027742050111
1508871799,WALGREEN EASTERN CO INC,WALGREENS #04403,418 QUINCY AVE,Quincy,MA,02169,617-472-4483,2805,"332B00000X,333600000X,3336C0003X",42.238654907131,-70.983546558137
1013923408,WALGREEN EASTERN CO INC,WALGREENS #02759,550 ADAMS ST STE 6,Quincy,MA,02169,617-770-3435,2163,"332B00000X,333600000X,3336C0003X",,
1427926567,"APEX PHARMACY SOLUTIONS, INC.","APEX PHARMACY SOLUTIONS, INC.",1984A DORCHESTER AVE,Dorchester,MA,02124,617-322-1933,,3336C0003X,42.283473059752,-71.064855795948
1477125847,"BETH ISRAEL LAHEY HEALTH PHARMACY, INC.","BILH PHARMACY, 230 BOWDOIN ST., DORCHESTER",230 BOWDOIN ST,Dorchester,MA,02122,617-754-0160,,3336C0003X,42.305625365709,-71.067882877207
1114086949,"BLG ENTERPRISES, INC.",PAT JAY'S PHARMACY,940 DORCHESTER AVE,Dorchester,MA,02125,617-825-2760,2180,"332B00000X,3336C0003X",42.318724543563,-71.056646679072
1740046549,BOSTON MEDICAL CENTER CORPORATION,BMC PHARMACY AT CODMAN SQUARE,637 WASHINGTON ST,Dorchester,MA,02124,617-638-8150,,3336C0003X,42.289401802827,-71.071412075929
1073188512,BOSTON MEDICAL CENTER CORPORATION,BMC PHARMACY AT CODMAN SQUARE,637 WASHINGTON ST,Dorchester,MA,02124,617-638-8150,,3336C0003X,42.289401802827,-71.071412075929
1073395836,BOSTON MEDICAL CENTER CORPORATION,BMC PHARMACY AT CODMAN SQUARE,637 WASHINGTON ST,Dorchester,MA,02124,617-638-8150,,3336C0003X,42.289401802827,-71.071412075929
1598105397,"COMMUNITY CARE PHARMACY, INC",COMMUNITY CARE PHARMACY,246 BOWDOIN ST,Dorchester,MA,02122,617-322-9265,,3336C0003X,42.306239063709,-71.067119030228
1588763882,CVS PHARMACY INC,CVS PHARMACY # 02283,715 MORRISSEY BLVD,Dorchester,MA,02122,617-822-1307,2844,"332B00000X,333600000X,3336C0003X",,
1659470953,CVS PHARMACY INC,CVS PHARMACY # 02592,468 BLUE HILL AVE,Dorchester,MA,02121,617-427-7806,3011,"332B00000X,333600000X,3336C0003X",42.309043953657,-71.082678762733
1992283527,CVS PHARMACY INC,CVS PHARMACY #11036,451 WASHINGTON ST,Dorchester,MA,02124,617-740-0611,,"332B00000X,333600000X,3336C0003X",42.295824254176,-71.072226656522
1801818562,CVS PHARMACY INC.,CVS PHARMACY #17018,7 ALLSTATE RD,Dorchester,MA,02125,617-602-1922,DS90020,"332B00000X,333600000X,3336C0003X",42.324890050125,-71.064598890205
1841695814,DORCHESTER HOUSE MULTI-SERVICE,DOTHOUSE HEALTH PHARMACY,1353 DORCHESTER AVE,Dorchester,MA,02122,617-740-2544,MA0054471,"333600000X,3336C0003X",42.30450531721,-71.059197830906
1558443341,EDLINE GROUP INCORPORATED,COMPTON DRUG,393 COLUMBIA RD,Dorchester,MA,02125,617-288-1616,3325,"333600000X,3336C0003X",42.311126000725,-71.070171233715
1558704718,GET WELL PHARMACY LLC,GET WELL PHARMACY LLC,646 BLUE HILL AVE,Dorchester,MA,02121,617-533-7232,DS89862,3336C0003X,42.301924260092,-71.085434481097
1962117820,HAMILTON PHARMACY SERVICES LLC,HAMILTON PHARMACY,246 BOWDOIN ST,Dorchester,MA,02122,617-475-9600,,3336C0003X,42.306239063709,-71.067119030228
1396047718,HARBOR HEALTH SERVICES,GEIGER GIBSON COMMUNITY HEALTH CENTER,250 MOUNT VERNON ST,Dorchester,MA,02125,617-288-1140,,3336C0003X,42.319872733189,-71.047780457586
1811202906,HARBOR HEALTH SERVICES INC,NEPONSET HEALTH CENTER PHARMACY,398 NEPONSET AVE,Dorchester,MA,02122,617-533-2290,DS89736,"333600000X,3336C0003X,3336M0002X,3336S0011X",42.286533767359,-71.044177447209
1194552489,"HARBOR HEALTH SERVICES, INC.",HARBOR COMMUNITY HEALTH CENTER PLYMOUTH PHARMACY,10 CORDAGE PARK CIR STE 115,Plymouth,MA,02360,508-778-5470,,3336C0003X,41.978788854192,-70.691275218507
1720305303,HARVARD NEIGHBORHOOD PHARMACY INC,HARVARD NEIGHBORHOOD PHARMACY INC,632 BLUE HILL AVE,Dorchester,MA,02121,617-265-0171,DS89725,3336C0003X,42.302820611796,-71.085154371173
1417232968,HRC CORP INC,PRIME PHARMACY,201 HUMBOLDT AVENUE,Dorchester,MA,02120,617-427-2222,DS89781,3336C0003X,42.313010696393,-71.089696583234
1689957722,"HRD CORP, INC",PRIME PHARMACY,201 HUMBOLDT AVE,Dorchester,MA,02120,617-427-2222,DS89781,3336C0003X,42.313010696393,-71.089696583234
1538215231,KIMMY PHARMACY,KIMMY PHARMACY,1435 DORCHESTER AVE,Dorchester,MA,02122,617-288-8199,1888,"332B00000X,3336C0003X",42.301837964296,-71.059797406143
1053471268,"MEETINGHOUSE COMMUNITY PHARMACY, INC.",MEETINGHOUSE COMMUNITY PHARMACY,248 BOWDOIN STREET,Dorchester,MA,02122,617-436-1120,2313,"332B00000X,3336C0003X",42.306327034888,-71.067019798112
1578240552,NKANYIMUO REAL ESTATE LLC,BLUE HILL PHARMACY,BLUE HILL PHARMACY 320 BLUE HILL AVE.,Dorchester,MA,02121,161-765-2754,,3336C0003X,,
1740615251,NKANYIMUO REAL ESTATE LLC,BLUE HILL PHARMACY,320 BLUE HILL AVE STORE,Dorchester,MA,02121,617-652-7546,DS89942,3336C0003X,,
1932610375,SAIGON PHARMACY INC,SAIGON PHARMACY INC,1167A DORCHESTER AVE,Dorchester,MA,02125,617-282-9134,DS2696,3336C0003X,42.310667681283,-71.057811295316
1376599803,SHAWS SUPERMARKETS INC,SHAWS PHARMACY #4587,45 MORRISSEY BLVD,Dorchester,MA,02125,617-265-7911,DS3338,"332B00000X,333600000X,3336C0003X",,
1972535854,THE STOP & SHOP SUPERMARKET COMPANY LLC,STOP AND SHOP PHARMACY #429,1100 MASSACHUSETTS AVE,Dorchester,MA,02125,617-541-4300,2283,"332B00000X,333600000X,3336C0003X",42.326306741952,-71.066282235067
1659051795,"UPHAM'S CORNER HEALTH COMMITTEE, INC.",UPHAM'S COMMUNITY CARE - PHARMACY,415 COLUMBIA RD,Dorchester,MA,02125,617-287-8000,,3336C0003X,42.312968321667,-71.068088874677
1255364386,VINHS BROTHERS INC,MAXIM PHARMACY,1365 1377 DORCHESTER AVE STE 1,Dorchester,MA,02122,617-282-9800,DS3425,"332B00000X,333600000X,3336C0003X",42.303493413482,-71.059428042681
1619984697,WALGREEN CO,WALGREENS #06805,130 BOWDOIN ST,Dorchester,MA,02122,617-265-7635,3246,"332B00000X,333600000X,3336C0003X",42.303685665229,-71.071236494515
1033447537,WALGREEN CO,"STRAND, A WALGREENS PHARMACY #13806",533 COLUMBIA RD,Dorchester,MA,02125,617-436-0155,DS89712,"332B00000X,333600000X,3336C0003X",42.315833013544,-71.066192610011
1437164647,WALGREEN CO,WALGREENS #06349,585 WASHINGTON ST,Dorchester,MA,02124,617-825-2401,3062,"332B00000X,333600000X,3336C0003X",42.291054532882,-71.071739843031
1710403068,WALGREEN CO,WALGREENS #19437,1100 DORCHESTER AVE,Dorchester,MA,02125,617-282-3069,,"332B00000X,333600000X,3336C0003X",,
1336154525,WALGREEN EASTERN CO INC,WALGREENS #01847,757 GALLIVAN BLVD STE 3,Dorchester,MA,02122,617-282-5246,1359,"332B00000X,333600000X,3336C0003X",42.28448539902,-71.04502504295
1932468725,AIDS HEALTHCARE FOUNDATION,MOMS PHARMACY,75 AMORY STREET,Roxbury,MA,02119,617-708-3922,,3336C0003X,42.320499670335,-71.099384048571
1720484470,COMMUNITY CARE PHARMACY II INC.,COMMUNITY CARE PHARMACY II INC.,278 BLUE HILL AVE,Roxbury,MA,02119,781-626-1955,,3336C0003X,42.315006757976,-71.07852182132
1295684967,CVS PHARMACY INC,CVS PHARMACY #11701,32 WARREN ST,Roxbury,MA,02119,617-602-4274,,"332B00000X,333600000X,3336C0003X",42.329676565773,-71.083217983251
1023850120,"DIMOCK COMMUNITY HEALTH CENTER, INC",DIMOCK PHARMACY,55 DIMOCK ST,Roxbury,MA,02119,617-989-1022,,3336C0003X,42.319553850948,-71.096721076275
1629138920,"EGLESTON SQUARE PHARMACY,INC.",EGLESTON SQUARE PHARMACY,3090 WASHINGTON ST,Roxbury,MA,02119,617-442-6070,3366,"332B00000X,3336C0003X",42.315291322616,-71.098705340163
1861551699,I AND H INC,KORNFIELD DRUG,2121 WASHINGTON ST,Roxbury,MA,02119,617-427-8950,2804,"332B00000X,3336C0003X",42.331894503853,-71.081887742507
1821379298,"MOMS PHARMACY, INC.","MOMS PHARMACY, INC.",75 AMORY ST,Roxbury,MA,02119,617-708-3922,,"3336C0003X,3336S0011X",42.320499670335,-71.099384048571
1790271294,PHARMALUXE INC,PHARMALUXE PHARMACY,50 JOHN ELIOT SQ,Roxbury,MA,02119,978-944-3903,,3336C0003X,42.329924988021,-71.091347041808
1811903206,WALGREEN CO,WALGREENS #04072,1890 COLUMBUS AVE,Roxbury,MA,02119,617-445-5457,2788,"332B00000X,333600000X,3336C0003X",42.318089072146,-71.098164257918
1427063627,WALGREEN EASTERN CO INC,WALGREENS #03016,416 WARREN ST,Roxbury,MA,02119,617-541-0310,2277,"332B00000X,333600000X,3336C0003X",42.3173476023,-71.082214766065
1043319346,CVS PHARMACY INC,CVS PHARMACY # 02070,467 CENTRE ST,Jamaica Plain,MA,02130,617-522-8062,2711,"332B00000X,333600000X,3336C0003X",42.320038403063,-71.11136731871
1831298298,CVS PHARMACY INC,CVS PHARMACY #01264,704 CENTRE ST,Jamaica Plain,MA,02130,617-524-4714,1966,"332B00000X,333600000X,3336C0003X",42.311552390494,-71.114333166178
1891241816,CHARLES RIVER COMMUNITY HEALTH INC,CHARLES RIVER COMMUNITY HEALTH,495 WESTERN AVE,Brighton,MA,02135,617-208-1656,DS90057,"333600000X,3336C0003X",42.3617983592,-71.144389516927
1134063449,"CHARLES RIVER COMMUNITY HEALTH, INC",CHARLES RIVER COMMUNITY HEALTH WALTHAM PHARMACY,43 FOUNDRY AVENUE SUITE 110,Waltham,MA,02453,781-693-3895,,"333600000X,3336C0003X",,
1326147620,CVS PHARMACY INC,CVS PHARMACY # 01889,427 WASHINGTON ST,Brighton,MA,02135,617-783-2577,2816,"332B00000X,333600000X,3336C0003X",42.349162576488,-71.156398157826
1316628993,CVS PHARMACY INC,CVS PHARMACY #10868,5 WASHINGTON ST.,Brighton,MA,02135,617-487-6019,,"332B00000X,333600000X,3336C0003X",42.342282197609,-71.140099857816
1922107374,CVS PHARMACY INC,CVS PHARMACY #00055,1927 BEACON ST,Brighton,MA,02135,617-738-6820,3391,"332B00000X,333600000X,3336C0003X",42.33633358672,-71.14898346644
1306079876,CVS PHARMACY INC,CVS PHARMACY # 03890,207 MARKET ST,Brighton,MA,02135,617-254-0358,,"332B00000X,333600000X,3336C0003X",42.355534878102,-71.149571336735
1710226923,GOOD HEALTH PHARM INC.,GOOD HEALTH PHARM INC.,1690 COMMONWEALTH AVE,Brighton,MA,02135,617-322-0077,,3336C0003X,42.341355071302,-71.14637738181
1902641376,GREENLEAF PHARMACY LLC,MELVIN RX,1558 COMMONWEALTH AVE,Brighton,MA,02135,617-566-2281,,3336C0003X,42.344495161314,-71.142007632962
1932385440,MEI SERVICES INC,PHARMALIFE BOSTON,367 WASHINGTON ST,Brighton,MA,02135,617-787-4700,3569,"332B00000X,3336C0003X",42.34919762743,-71.154099404419
1871687202,NEWTS PHARMACY LLC,MELVIN PHARMACY,1558 COMMONWEALTH AVE,Brighton,MA,02135,617-566-2281,,3336C0003X,42.344495161314,-71.142007632962
1467408997,SHAWS SUPERMARKETS INC,SHAWS PHARMACY #4572,370 WESTERN AVE,Brighton,MA,02135,617-782-1628,DS3218,"332B00000X,333600000X,3336C0003X",42.362834077094,-71.137533807883
1962501320,CVS PHARMACY INC,CVS PHARMACY # 01024,214 HARVARD AVE,Allston,MA,02134,617-277-6080,1544,"332B00000X,333600000X,3336C0003X",42.34962333157,-71.13036352426
1114298734,CVS PHARMACY INC,CVS PHARMACY# 05382,181 BRIGHTON AVE,Allston,MA,02134,617-779-7313,,"332B00000X,333600000X,3336C0003X",42.353301283733,-71.13370058109
1912149493,MONA PHARMACY CORP,CENTRAL PHARMACY,1349 COMMONWEALTH AVE,Allston,MA,02134,617-254-5900,DS89966,"333600000X,3336C0003X",42.348370101547,-71.136377782286
1114151339,WALGREEN CO,WALGREENS #11797,465 CAMBRIDGE ST,Allston,MA,02134,617-254-0104,DS89665,"332B00000X,333600000X,3336C0003X",42.354064115165,-71.136389543401
1598865925,CVS PHARMACY INC,CVS PHARMACY # 01009,21 AUSTIN ST. BUNKER HILL MALL,Charlestown,MA,02129,617-242-2950,1529,"332B00000X,333600000X,3336C0003X",42.374998417502,-71.065564785716
1063959633,GENOA HEALTHCARE LLC,GENOA HEALTHCARE LLC,330 RUTHERFORD AVE STE 1,Charlestown,MA,02129,617-681-7107,,"332B00000X,333600000X,3336C0003X,3336L0003X",42.379645230282,-71.071316827676
1285681783,HIGH PHARMACY INC,HIGH PHARMACY INC,54 HIGH ST,Charlestown,MA,02129,617-242-0415,3999,"333600000X,3336C0003X",42.376450830254,-71.063463726498
1477272615,NORTH END COMMUNITY HEALTH COMMITTEE INC,NEW HEALTH CHARLESTOWN PHARMACY,15 TUFTS ST,Charlestown,MA,02129,857-238-1100,,3336C0003X,42.37837120439,-71.056750344223
1952401382,CVS PHARMACY INC,CVS PHARMACY # 01049,942A HYDE PARK AVE,Hyde Park,MA,02136,617-364-5141,1716,"332B00000X,333600000X,3336C0003X",42.267584912766,-71.120853708648
1689942757,QUALITY RX PHARMACY INC,QUALITY RX PHARMACY INC,1260 RIVER ST,Hyde Park,MA,02136,617-361-3030,DS89789,3336C0003X,42.255869011577,-71.123134161418
1669428223,SHAWS SUPERMARKETS INC,SHAWS PHARMACY #2579,1377 HYDE PARK AVE,Hyde Park,MA,02136,617-364-3161,DS3239,"332B00000X,333600000X,3336C0003X",42.251086887632,-71.12581596706
1457877706,WALGREEN CO,WALGREENS #19067,1329 HYDE PARK AVE,Hyde Park,MA,02136,617-364-2000,DS90188,"332B00000X,333600000X,3336C0003X",42.253309578273,-71.124758273592
1073874301,CVS PHARMACY INC,CVS PHARMACY# 05464,1575 BLUE HILL AVE,Mattapan,MA,02126,617-898-1282,,"332B00000X,333600000X,3336C0003X",42.270187524198,-71.093852119941
1417473828,WALGREEN CO,WALGREENS #17257,90 RIVER ST,Mattapan,MA,02126,617-298-6634,DS90189,"332B00000X,333600000X,3336C0003X",42.271227607623,-71.074371184092
1134359078,CVS PHARMACY INC,CVS PHARMACY# 01031,4600 WASHINGTON ST,Roslindale,MA,02131,617-469-6302,,"332B00000X,333600000X,3336C0003X",42.277230739771,-71.138157210232
1053826594,"CVS PHARMACY, INC.","CVS PHARMACY, INC.",4165 WASHINGTON ST,Roslindale,MA,02131,617-327-6326,,"332B00000X,333600000X,3336C0003X",42.288138342883,-71.126419745304
1881781078,ROSLINDALE PHARMACY LTD,ROSLINDALE PHARMACY LTD,452 HYDE PARK AVE,Roslindale,MA,02131,617-325-0300,2973,"333600000X,3336C0003X",42.285202068566,-71.118795662163
1487759577,"SULLIVAN'S HEALTH CARE, INC","SULLIVAN'S HEALTH CARE, INC",30 BELGRADE AVE,Roslindale,MA,02131,617-327-0210,3335,"332B00000X,3336C0003X,3336C0004X,3336H0001X,3336L0003X",42.286619863474,-71.131244791279
1427153626,"SULLIVAN'S PHARMACY, INC","SULLIVAN'S PHARMACY, INC",1 CORINTH ST,Roslindale,MA,02131,617-323-6544,1243,"332B00000X,333600000X,3336C0003X,3336C0004X",42.286712069882,-71.130889337601
1235144429,WALGREEN CO,WALGREENS #15001,980 AMERICAN LEGION HWY,Roslindale,MA,02131,617-327-0106,DS89825,"332B00000X,333600000X,3336C0003X",42.27397238423,-71.116752391785
1407955859,CVS PHARMACY INC,CVS PHARMACY # 00117,1921 CENTRE ST # 1943,West Roxbury,MA,02132,617-469-2222,3207,"332B00000X,333600000X,3336C0003X",42.284146215313,-71.156937224283
1700931532,"D & M POWERS, INC.",WEST ROXBURY PHARMACY,1868 CENTRE ST,West Roxbury,MA,02132,617-325-0017,2845,"3336C0003X,3336C0004X",42.286049783822,-71.154991344466
1841246402,SHAWS SUPERMARKETS INC,STAR MARKET PHARMACY #3577,75 SPRING ST,West Roxbury,MA,02132,617-327-9360,DS3163,"332B00000X,333600000X,3336C0003X",42.27753331324,-71.163232559494
1083629299,WALGREEN CO,WALGREENS #04923,1999 CENTRE ST,West Roxbury,MA,02132,617-469-2658,2959,"332B00000X,333600000X,3336C0003X",42.28185610133,-71.157941340081
1457064388,BOSTON MEDICAL CENTER CORPORATION,BOSTON MEDICAL CENTER CORPORATION,20 MAVERICK SQ,East Boston,MA,02128,617-569-5800,,"3336C0003X,3336S0011X",42.369477071106,-71.039559310444
1740389105,CVS PHARMACY INC,CVS PHARMACY# 01265,210 BORDER ST,East Boston,MA,02128,617-567-5147,1965,"332B00000X,333600000X,3336C0003X",42.375692809075,-71.039853356554
1013621598,MAVERICK SPECIALTY RETAIL PHARMACY,MAVERICK SPECIALTY RETAIL PHARMACY,20 MAVERICK SQ,East Boston,MA,02128,617-568-4781,,"3336C0003X,3336S0011X",42.369477071106,-71.039559310444
1255949327,NEIGHBORHEALTH CORPORATION,NEIGHBORHEALTH CORPORATION,20 MAVERICK SQ,East Boston,MA,02128,617-569-5800,,"332B00000X,333600000X,3336C0003X",42.369477071106,-71.039559310444
1780599829,NEIGHBORHEALTH PHARMACY - SOUTH END,NEIGHBORHEALTH PHARMACY - SOUTH END,1603 WASHINGTON ST,Boston,MA,02118,857-206-7330,,3336C0003X,42.338016307247,-71.074988968685
1922524339,WALGREEN CO,WALGREEN CO,971 BENNINGTON ST,East Boston,MA,02128,617-561-0610,DS90116,"332B00000X,333600000X,3336C0003X",42.385803168115,-71.009038330787
1790790905,WALGREEN CO,WALGREENS #05756,1 CENTRAL SQ,East Boston,MA,02128,617-569-5278,3252,"332B00000X,333600000X,3336C0003X",42.374466689445,-71.039875972632
1962279109,BOSTON MEDICAL CENTER CORP,BMC PHARMACY AT SOUTH BOSTON,409 WEST BROADWAY,South Boston,MA,02127,617-638-8810,,3336C0003X,42.336804839884,-71.047868280007
1689436545,BOSTON MEDICAL CENTER CORPORATION,BMC PHARMACY AT SOUTH BOSTON,409 WEST BROADWAY,South Boston,MA,02127,617-638-8810,,3336C0003X,42.336804839884,-71.047868280007
1922107382,CVS PHARMACY INC,CVS PHARMACY #00979,423 W BROADWAY,South Boston,MA,02127,617-269-7656,2133,"332B00000X,333600000X,3336C0003X",42.336555950563,-71.04748411239
1356866495,WALGREEN CO,WALGREENS #17169,710 E BROADWAY,South Boston,MA,02127,617-269-5788,DS90196,"332B00000X,333600000X,3336C0003X",42.335658369898,-71.036860223269
1255832945,BRIGHAM AND WOMEN'S HEALTH CARE CENTER,BRIGHAM AND WOMEN'S HEALTH CARE CENTER,850 BOYLSTON ST,Chestnut Hill,MA,02467,617-732-9040,,3336C0003X,42.32644973654,-71.148537382341
1679673008,CVS PHARMACY INC,CVS PHARMACY # 01199,647 VFW PKWY,Chestnut Hill,MA,02467,617-469-5264,1981,"332B00000X,333600000X,3336C0003X",,
1730288101,CVS PHARMACY INC,CVS PHARMACY # 01862,1195 BOYLSTON ST,Chestnut Hill,MA,02467,617-731-5228,2712,"332B00000X,333600000X,3336C0003X",42.323543060796,-71.164097396717
1104437896,"DANA-FARBER CANCER INSTITUTE, INC.","DANA-FARBER CANCER INSTITUTE, INC.",300 BOYLSTON ST STE 310,Chestnut Hill,MA,02467,617-632-3878,,3336C0003X,42.319340251761,-71.1791314309
1174156921,V-CARE PHARMACY OF CHESTNUT HILL LLC,V-CARE PHARMACY OF CHESTNUT HILL,1244 BOYLSTON ST,Chestnut Hill,MA,02467,617-440-9622,,3336C0003X,42.322617162552,-71.166682938
1790104263,"WEGMANS FOOD MARKETS, INC.",WEGMANS PHARMACY #124,200 BOYLSTON ST,Chestnut Hill,MA,02467,617-762-2045,DS89914,"332B00000X,333600000X,3336C0003X",42.319677523445,-71.177176555291
