npi,legal_name,name,address,city,state,zip,phone,license,taxonomy_codes,lat,lon,overture_id,overture_name,overture_m,cms_retail,confidence,node,snap_m
1831640408,"ATLAS PHARMAHEALTH, INC.",CROWN COLONY PHARMACY & CO.,500 CONGRESS ST STE 1B,Quincy,MA,2169,617-472-9000,DS90257,"333600000X,3336C0003X,3336C0004X,3336S0011X",42.234162430426,-71.016787949195,6ca3dee8-4da0-45a3-bf0d-708a70fdfe48,Crown Colony Pharmacy,66.81274534083263,False,medium,571561,5.24967242882915
1508871799,WALGREEN EASTERN CO INC,WALGREENS #04403,418 QUINCY AVE,Quincy,MA,2169,617-472-4483,2805,"332B00000X,333600000X,3336C0003X",42.238654907131,-70.983546558137,70de101e-be49-48e8-8175-86798ccd82a9,Walgreens,39.43771227137434,False,medium,585578,13.561300406591922
1932687654,GENOA HEALTHCARE LLC,GENOA HEALTHCARE LLC,460 QUINCY AVE RM 236,Quincy,MA,2169,617-934-0149,,"332B00000X,333600000X,3336C0003X,3336L0003X",42.238731815731,-70.983676158448,70de101e-be49-48e8-8175-86798ccd82a9,Walgreens,43.4580161510357,False,medium,585753,16.798135400798532
1013934322,WAL-MART STORES EAST LP,WAL-MART PHARMACY 10-2341,301 FALLS BLVD,Quincy,MA,2169,617-745-4393,CS2800,"332B00000X,333600000X,3336C0003X",42.237963988021,-70.986049483369,,,256.662694039883,False,review,585742,10.029350118386187
1497853428,BLACKWOOD PHARMACY INC,BLACKWOOD PHARMACY,181 PARKINGWAY,Quincy,MA,2169,617-471-3300,3345,"332B00000X,333600000X,3336C0003X",42.245182604341,-71.003297985216,,,182.40410703480856,False,review,574574,6.95708365284924
1053836049,WALGREEN CO,WALGREENS #18361,132 GRANITE ST,Quincy,MA,2169,617-479-2330,DS90190,"332B00000X,333600000X,3336C0003X",42.245604048322,-71.006321772056,18219404-db21-491c-b508-331a6b902e90,ATM Walgreens,13.385916457575595,False,medium,574461,16.075400629488005
1851492078,"LIBUN APOTHECARY & SURGICAL SUPPLY, INC",BAXTER PHARMACY,464 WASHINGTON ST,Quincy,MA,2169,617-773-7733,3502,"332B00000X,3336C0003X",42.248411239806,-70.9834406482,,,602.629947902497,False,review,581851,5.936863915982422
1669428223,SHAWS SUPERMARKETS INC,SHAWS PHARMACY #2579,1377 HYDE PARK AVE,Hyde Park,MA,2136,617-364-3161,DS3239,"332B00000X,333600000X,3336C0003X",42.251086887632,-71.12581596706,2df024d8-f123-41d9-855d-475450bda2e3,Shaw's,100.38526911499474,False,medium,243120,7.033601900183408
1245330679,CVS PHARMACY INC,CVS PHARMACY # 00137,626 SOUTHERN ARTERY RTE 3A,Quincy,MA,2169,617-472-7534,2951,"332B00000X,333600000X,3336C0003X",42.252379283747,-70.988147708885,aa50d5a5-2e8b-40ce-8e5a-e91ec8c899fd,Cvs Pharmacy,51.5566002692136,False,medium,582403,13.321069515346153
1457877706,WALGREEN CO,WALGREENS #19067,1329 HYDE PARK AVE,Hyde Park,MA,2136,617-364-2000,DS90188,"332B00000X,333600000X,3336C0003X",42.253309578273,-71.124758273592,3d623c1a-6753-4a47-8471-f2533380460f,Rite Aid,11.139785909035403,False,medium,243265,8.930630572545791
1437181310,"THE STOP & SHOP SUPERMARKET COMPANY, LLC",STOP AND SHOP PHARMACY #17,495 SOUTHERN ARTERY,Quincy,MA,2169,617-471-6707,3084,"332B00000X,333600000X,3336C0003X",42.254176565353,-70.995561468539,,,657.7549527367444,False,review,579816,6.281687738480677
1689942757,QUALITY RX PHARMACY INC,QUALITY RX PHARMACY INC,1260 RIVER ST,Hyde Park,MA,2136,617-361-3030,DS89789,3336C0003X,42.255869011577,-71.123134161418,,,303.28394764084186,False,review,250456,17.210722197238905
1578813143,"MEDI-SON SOLUTIONS, LLC",CAREPRO PHARMACY,343 NEWPORT AVE,Quincy,MA,2170,781-352-2602,,3336C0003X,42.265133861601,-71.019306403112,61c3a237-d90f-4733-85cb-9ffaf76f7569,Carepro Pharmacy,13.364319396848616,False,medium,539518,16.164672948191836
1952401382,CVS PHARMACY INC,CVS PHARMACY # 01049,942A HYDE PARK AVE,Hyde Park,MA,2136,617-364-5141,1716,"332B00000X,333600000X,3336C0003X",42.267584912766,-71.120853708648,aeb5c8f1-721a-4785-9136-bd9be5a3af48,CVS Pharmacy,73.48999952451176,False,medium,249357,18.065457435988954
1073874301,CVS PHARMACY INC,CVS PHARMACY# 05464,1575 BLUE HILL AVE,Mattapan,MA,2126,617-898-1282,,"332B00000X,333600000X,3336C0003X",42.270187524198,-71.093852119941,d26b8d67-bcc4-421f-a174-a8b3407b4be8,CVS Pharmacy,40.29460101392208,False,medium,304185,4.004691145735299
1417473828,WALGREEN CO,WALGREENS #17257,90 RIVER ST,Mattapan,MA,2126,617-298-6634,DS90189,"332B00000X,333600000X,3336C0003X",42.271227607623,-71.074371184092,9a634a6d-3371-42de-8ac4-15755334b916,Rite Aid,12.028546150118393,False,medium,633750,9.622090727906603
1427697572,BOSTON MEDICAL CENTER CORPORATION,BMC PHARMACY AT MANET,110 W SQUANTUM ST,North Quincy,MA,2171,617-638-8140,,3336C0003X,42.27241319728,-71.031369434778,ecb6365d-917a-4a74-b987-ac311361919f,CVS Pharmacy,47.70795349225112,False,medium,707991,0.9999163872828234
1902747579,"SOUTH COVE COMMUNITY HEALTH CENTER, INC.",NON-340B,435 HANCOCK ST,Quincy,MA,2171,617-318-3300,,3336C0003X,42.272694741219,-71.024500694532,,,145.0508052690294,False,review,708304,9.193936894141482
1457383325,"THE STOP & SHOP SUPERMARKET COMPANY, LLC",STOP AND SHOP PHARMACY #20,65 NEWPORT AVE,Quincy,MA,2171,617-328-6622,2669,"332B00000X,333600000X,3336C0003X",42.273632971279,-71.028786876746,,,199.6628139504815,False,review,707612,11.736573458839986
1538268990,CVS PHARMACY INC,CVS PHARMACY # 00720,2235 DORCHESTER AVE,Boston,MA,2124,617-296-1025,1003,"332B00000X,333600000X,3336C0003X",42.274108530512,-71.067644008635,3623521f-4941-4d32-8383-a9298c1370fb,CVS Photo,72.86888472909033,False,medium,692298,2.7652433840462747
1235144429,WALGREEN CO,WALGREENS #15001,980 AMERICAN LEGION HWY,Roslindale,MA,2131,617-327-0106,DS89825,"332B00000X,333600000X,3336C0003X",42.27397238423,-71.116752391785,6d0bd797-bb2c-4517-850d-81f2a1ff0ff4,Walgreens,86.40881774634683,False,medium,249063,7.967579802339747
1386955250,WALGREEN CO,WALGREENS # 11831,324 HANCOCK ST,Quincy,MA,2171,617-471-0517,DS89734,"332B00000X,333600000X,3336C0003X",42.275799621817,-71.027742050111,,,152.09398379082296,False,review,707283,7.715153773744964
1134359078,CVS PHARMACY INC,CVS PHARMACY# 01031,4600 WASHINGTON ST,Roslindale,MA,2131,617-469-6302,,"332B00000X,333600000X,3336C0003X",42.277230739771,-71.138157210232,,,205.51994758875503,False,review,205271,8.237276198403423
1841246402,SHAWS SUPERMARKETS INC,STAR MARKET PHARMACY #3577,75 SPRING ST,West Roxbury,MA,2132,617-327-9360,DS3163,"332B00000X,333600000X,3336C0003X",42.27753331324,-71.163232559494,,,135.28321068987574,False,review,182382,2.7421783051068385
1083629299,WALGREEN CO,WALGREENS #04923,1999 CENTRE ST,West Roxbury,MA,2132,617-469-2658,2959,"332B00000X,333600000X,3336C0003X",42.28185610133,-71.157941340081,7423cc95-3845-490d-a319-0241f7d7a18b,Walgreens,52.46726302107028,False,medium,183009,5.135613642235319
1427926567,"APEX PHARMACY SOLUTIONS, INC.","APEX PHARMACY SOLUTIONS, INC.",1984A DORCHESTER AVE,Dorchester,MA,2124,617-322-1933,,3336C0003X,42.283473059752,-71.064855795948,,,843.8112848820329,False,review,693269,8.48217253613579
1407955859,CVS PHARMACY INC,CVS PHARMACY # 00117,1921 CENTRE ST # 1943,West Roxbury,MA,2132,617-469-2222,3207,"332B00000X,333600000X,3336C0003X",42.284146215313,-71.156937224283,70d50f91-9dca-4917-ab8c-0dd765cdc6d8,CVS STORE #00117,52.92732212176789,False,medium,183057,13.326093663912575
1336154525,WALGREEN EASTERN CO INC,WALGREENS #01847,757 GALLIVAN BLVD STE 3,Dorchester,MA,2122,617-282-5246,1359,"332B00000X,333600000X,3336C0003X",42.28448539902,-71.04502504295,,,234.4485953909699,False,review,703232,7.404544277154992
1881781078,ROSLINDALE PHARMACY LTD,ROSLINDALE PHARMACY LTD,452 HYDE PARK AVE,Roslindale,MA,2131,617-325-0300,2973,"333600000X,3336C0003X",42.285202068566,-71.118795662163,fdcaad99-7d83-49a5-b752-62eec9e61e76,Roslindale Pharmacy Ltd,19.39538083229388,False,medium,262678,9.570789421434815
1811202906,HARBOR HEALTH SERVICES INC,NEPONSET HEALTH CENTER PHARMACY,398 NEPONSET AVE,Dorchester,MA,2122,617-533-2290,DS89736,"333600000X,3336C0003X,3336M0002X,3336S0011X",42.286533767359,-71.044177447209,,,443.7221328897258,False,review,703009,4.286795468280689
1487759577,"SULLIVAN'S HEALTH CARE, INC","SULLIVAN'S HEALTH CARE, INC",30 BELGRADE AVE,Roslindale,MA,2131,617-327-0210,3335,"332B00000X,3336C0003X,3336C0004X,3336H0001X,3336L0003X",42.286619863474,-71.131244791279,1cd4cbed-5e78-4415-b127-03ac1ebd159a,Sullivan's Pharmacy & Medical Supply,45.53341157179913,False,medium,224651,5.1588695114550465
1427153626,"SULLIVAN'S PHARMACY, INC","SULLIVAN'S PHARMACY, INC",1 CORINTH ST,Roslindale,MA,2131,617-323-6544,1243,"332B00000X,333600000X,3336C0003X,3336C0004X",42.286712069882,-71.130889337601,1cd4cbed-5e78-4415-b127-03ac1ebd159a,Sullivan's Pharmacy & Medical Supply,15.98068063908472,False,medium,224702,3.6797629250435584
1700931532,"D & M POWERS, INC.",WEST ROXBURY PHARMACY,1868 CENTRE ST,West Roxbury,MA,2132,617-325-0017,2845,"3336C0003X,3336C0004X",42.286049783822,-71.154991344466,f8e89cba-3c5a-45d8-a142-ffb478d65508,Greater Boston Long Term Care,24.05007323789868,False,medium,202859,6.3788923073937625
1104925403,CVS PHARMACY INC,CVS PHARMACY # 02454,321 QUINCY SHORE DR,Quincy,MA,2171,617-471-0041,2932,"332B00000X,333600000X,3336C0003X",42.287370949309,-71.02343896806,ee779cee-f024-431e-94de-b213715105ec,CVS Pharmacy,53.2507843950674,False,medium,703842,1.4768497584352094
1053826594,"CVS PHARMACY, INC.","CVS PHARMACY, INC.",4165 WASHINGTON ST,Roslindale,MA,2131,617-327-6326,,"332B00000X,333600000X,3336C0003X",42.288138342883,-71.126419745304,63ba2d10-aba1-4363-8879-19198f797830,CVS Beauty,20.42667918844786,False,medium,251590,6.608741743690738
1295372563,BOSTON MEDICAL CENTER CORPORATION DBA BMC PHARMACY AT CODMAN SQUARE,BOSTON MEDICAL CENTER CORPORATION DBA BMC PHARMACY AT CODMAN SQUARE,637 WASHINGTON ST,Dorchester,MA,2124,617-638-8150,,3336C0003X,42.289401802827,-71.071412075929,f6b23986-434e-441a-97e0-4346b03cce4a,CVS Pharmacy,31.831937578379318,False,medium,690893,6.652547794934424
1437164647,WALGREEN CO,WALGREENS #06349,585 WASHINGTON ST,Dorchester,MA,2124,617-825-2401,3062,"332B00000X,333600000X,3336C0003X",42.291054532882,-71.071739843031,9ce8610f-09d1-4f3f-88f4-49c3d76b7faa,Walgreens,6.223989855124794,False,medium,690549,1.9956601254995576
1992283527,CVS PHARMACY INC,CVS PHARMACY #11036,451 WASHINGTON ST,Dorchester,MA,2124,617-740-0611,,"332B00000X,333600000X,3336C0003X",42.295824254176,-71.072226656522,a0072b64-7f5b-4a95-a403-bb267763d87a,Cvs Pharmacy,34.782392146417344,False,medium,690614,6.578582219081028
1538215231,KIMMY PHARMACY,KIMMY PHARMACY,1435 DORCHESTER AVE,Dorchester,MA,2122,617-288-8199,1888,"332B00000X,3336C0003X",42.301837964296,-71.059797406143,7bccd881-4ccc-40b7-96c1-ed54e10c2e91,Kimmy Pharmacy,36.7257696328328,False,medium,685937,7.406026837045024
1558704718,GET WELL PHARMACY LLC,GET WELL PHARMACY LLC,646 BLUE HILL AVE,Dorchester,MA,2121,617-533-7232,DS89862,3336C0003X,42.301924260092,-71.085434481097,,,821.1139317307716,False,review,639150,0.8005634284916672
1720305303,HARVARD NEIGHBORHOOD PHARMACY INC,HARVARD NEIGHBORHOOD PHARMACY INC,632 BLUE HILL AVE,Dorchester,MA,2121,617-265-0171,DS89725,3336C0003X,42.302820611796,-71.085154371173,,,719.7413429422072,False,review,639124,2.9818813216918847
1255364386,VINHS BROTHERS INC,MAXIM PHARMACY,1365 1377 DORCHESTER AVE STE 1,Dorchester,MA,2122,617-282-9800,DS3425,"332B00000X,333600000X,3336C0003X",42.303493413482,-71.059428042681,fc94e7d9-ae77-4c6c-a561-8f4a62ae887f,Maxim Pharmacy,20.380337426708245,False,medium,685901,21.7658588742241
1619984697,WALGREEN CO,WALGREENS #06805,130 BOWDOIN ST,Dorchester,MA,2122,617-265-7635,3246,"332B00000X,333600000X,3336C0003X",42.303685665229,-71.071236494515,32be1b98-5168-413f-87e4-ec343ef279ad,Walgreens,16.799002787339443,False,medium,689157,10.119729677729405
1841695814,DORCHESTER HOUSE MULTI-SERVICE,DOTHOUSE HEALTH PHARMACY,1353 DORCHESTER AVE,Dorchester,MA,2122,617-740-2544,MA0054471,"333600000X,3336C0003X",42.30450531721,-71.059197830906,fc94e7d9-ae77-4c6c-a561-8f4a62ae887f,Maxim Pharmacy,93.77811071330412,False,medium,712586,5.808479441530863
1477125847,"BETH ISRAEL LAHEY HEALTH PHARMACY, INC.","BILH PHARMACY, 230 BOWDOIN ST., DORCHESTER",230 BOWDOIN ST,Dorchester,MA,2122,617-754-0160,,3336C0003X,42.305625365709,-71.067882877207,0e7c7ae3-44b5-493d-9c0f-dec1d4ba5d9f,BILH Pharmacy (at Bowdoin Street Health Center),27.352336499130143,False,medium,689660,6.928473592233988
1598105397,"COMMUNITY CARE PHARMACY, INC",COMMUNITY CARE PHARMACY,246 BOWDOIN ST,Dorchester,MA,2122,617-322-9265,,3336C0003X,42.306239063709,-71.067119030228,e036ff0b-b33b-4bcf-b3a0-63e161956c8d,Hamilton Pharmacy,9.283426013830145,False,medium,689701,9.15440778233114
1053471268,"MEETINGHOUSE COMMUNITY PHARMACY, INC.",MEETINGHOUSE COMMUNITY PHARMACY,248 BOWDOIN STREET,Dorchester,MA,2122,617-436-1120,2313,"332B00000X,3336C0003X",42.306327034888,-71.067019798112,e036ff0b-b33b-4bcf-b3a0-63e161956c8d,Hamilton Pharmacy,19.91492088096526,False,medium,689750,6.546277849678591
1659470953,CVS PHARMACY INC,CVS PHARMACY # 02592,468 BLUE HILL AVE,Dorchester,MA,2121,617-427-7806,3011,"332B00000X,333600000X,3336C0003X",42.309043953657,-71.082678762733,3f31d7b1-2115-4f97-a9c3-f77e3a78eb95,CVS Pharmacy,61.11061384335262,False,medium,638839,9.283189233198756
1932610375,SAIGON PHARMACY INC,SAIGON PHARMACY INC,1167A DORCHESTER AVE,Dorchester,MA,2125,617-282-9134,DS2696,3336C0003X,42.310667681283,-71.057811295316,,,242.14723831685475,False,review,713591,20.166679578211784
1558443341,EDLINE GROUP INCORPORATED,COMPTON DRUG,393 COLUMBIA RD,Dorchester,MA,2125,617-288-1616,3325,"333600000X,3336C0003X",42.311126000725,-71.070171233715,,,590.2293132929972,False,review,688941,3.2164021754308982
1831298298,CVS PHARMACY INC,CVS PHARMACY #01264,704 CENTRE ST,Jamaica Plain,MA,2130,617-524-4714,1966,"332B00000X,333600000X,3336C0003X",42.311552390494,-71.114333166178,88c9ce46-e4a4-474d-a8a2-bfe31e7e5088,Cvs Pharmacy,31.31273147155091,False,medium,272464,1.817064092528684
1659051795,"UPHAM'S CORNER HEALTH COMMITTEE, INC.",UPHAM'S COMMUNITY CARE - PHARMACY,415 COLUMBIA RD,Dorchester,MA,2125,617-287-8000,,3336C0003X,42.312968321667,-71.068088874677,,,350.877624716799,False,review,688133,7.539498376371983
1417232968,HRC CORP INC,PRIME PHARMACY,201 HUMBOLDT AVENUE,Dorchester,MA,2120,617-427-2222,DS89781,3336C0003X,42.313010696393,-71.089696583234,,,784.9524810337759,False,review,296691,31.56560409971468
1043830086,APOTHECO PHARMACY NEWTON LLC,APOTHECO PHARMACY NEWTON LLC,71 NEEDHAM ST,Newton,MA,2461,857-995-6669,,3336C0003X,42.314705462682,-71.211023025499,03ee36fb-a45e-49df-8c53-4ff029c49865,Apotheco Pharmacy Newton,46.73394159389166,False,medium,47448,0.4446770462651175
1629138920,"EGLESTON SQUARE PHARMACY,INC.",EGLESTON SQUARE PHARMACY,3090 WASHINGTON ST,Roxbury,MA,2119,617-442-6070,3366,"332B00000X,3336C0003X",42.315291322616,-71.098705340163,,,259.4580635303733,False,review,293982,18.778871238476274
1033447537,WALGREEN CO,"STRAND, A WALGREENS PHARMACY #13806",533 COLUMBIA RD,Dorchester,MA,2125,617-436-0155,DS89712,"332B00000X,333600000X,3336C0003X",42.315833013544,-71.066192610011,99ba21c4-ba55-458b-9aa6-c9e7001cc940,Walgreens Pharmacy,25.64626655928745,False,medium,687246,3.214989454326151
1720484470,COMMUNITY CARE PHARMACY II INC.,COMMUNITY CARE PHARMACY II INC.,278 BLUE HILL AVE,Roxbury,MA,2119,781-626-1955,,3336C0003X,42.315006757976,-71.07852182132,,,741.0384708275278,False,review,637048,16.10892261861743
1427063627,WALGREEN EASTERN CO INC,WALGREENS #03016,416 WARREN ST,Roxbury,MA,2119,617-541-0310,2277,"332B00000X,333600000X,3336C0003X",42.3173476023,-71.082214766065,,,944.7308589854222,False,review,638224,7.5074041971310725
1811903206,WALGREEN CO,WALGREENS #04072,1890 COLUMBUS AVE,Roxbury,MA,2119,617-445-5457,2788,"332B00000X,333600000X,3336C0003X",42.318089072146,-71.098164257918,73a671de-75d4-4c2a-b599-f9907fc1090a,WALGREENS #4072,50.28839990759814,False,medium,293721,4.688266902619962
1114086949,"BLG ENTERPRISES, INC.",PAT JAY'S PHARMACY,940 DORCHESTER AVE,Dorchester,MA,2125,617-825-2760,2180,"332B00000X,3336C0003X",42.318724543563,-71.056646679072,,,482.7944355546974,False,review,720309,3.7707489419666382
1447470661,CVS PHARMACY INC,CVS PHARMACY #06505,978 BOYLSTON ST,Newton,MA,2461,617-244-0821,,"332B00000X,333600000X,3336C0003X",42.318882180226,-71.211607373383,72a8d4b7-75fe-412a-a0e5-8254a1a634a2,Cvs,83.57494143709145,False,medium,46845,5.091623848396585
1104437896,"DANA-FARBER CANCER INSTITUTE, INC.","DANA-FARBER CANCER INSTITUTE, INC.",300 BOYLSTON ST STE 310,Chestnut Hill,MA,2467,617-632-3878,,3336C0003X,42.319340251761,-71.1791314309,,,447.1842879977114,False,review,99267,19.26036297233447
1023850120,"DIMOCK COMMUNITY HEALTH CENTER, INC",DIMOCK PHARMACY,55 DIMOCK ST,Roxbury,MA,2119,617-989-1022,,3336C0003X,42.319553850948,-71.096721076275,86f16935-d689-45d6-b732-4300fefc0bac,CVS Pharmacy,82.67997480539252,False,medium,296087,7.05831707379494
1790104263,"WEGMANS FOOD MARKETS, INC.",WEGMANS PHARMACY #124,200 BOYLSTON ST,Chestnut Hill,MA,2467,617-762-2045,DS89914,"332B00000X,333600000X,3336C0003X",42.319677523445,-71.177176555291,,,318.94447215432376,False,review,99538,3.244243176179981
1396047718,HARBOR HEALTH SERVICES,GEIGER GIBSON COMMUNITY HEALTH CENTER,250 MOUNT VERNON ST,Dorchester,MA,2125,617-288-1140,,3336C0003X,42.319872733189,-71.047780457586,,,268.9407988270827,False,review,719755,8.65497199198701
1821379298,"MOMS PHARMACY, INC.","MOMS PHARMACY, INC.",75 AMORY ST,Roxbury,MA,2119,617-708-3922,,"3336C0003X,3336S0011X",42.320499670335,-71.099384048571,725d281a-2402-42d5-bd7e-42e14f030799,Fenway Health,32.87018040183024,False,medium,293208,3.8826268557819046
1174156921,V-CARE PHARMACY OF CHESTNUT HILL LLC,V-CARE PHARMACY OF CHESTNUT HILL,1244 BOYLSTON ST,Chestnut Hill,MA,2467,617-440-9622,,3336C0003X,42.322617162552,-71.166682938,273f431c-1612-4fe6-a319-8353788518b1,V-care Pharmacy Of Chestnut Hill,43.97021189282861,False,medium,185423,14.751771313881378
1730288101,CVS PHARMACY INC,CVS PHARMACY # 01862,1195 BOYLSTON ST,Chestnut Hill,MA,2467,617-731-5228,2712,"332B00000X,333600000X,3336C0003X",42.323543060796,-71.164097396717,6fbeedf8-488a-4da8-90c0-2cdcf5b02df8,Cvs Pharmacy,43.15291822852426,False,medium,185967,5.4359562327558235
1801818562,CVS PHARMACY INC.,CVS PHARMACY #17018,7 ALLSTATE RD,Dorchester,MA,2125,617-602-1922,DS90020,"332B00000X,333600000X,3336C0003X",42.324890050125,-71.064598890205,,,170.8820884646671,False,review,683961,1.4308295565656874
1972535854,THE STOP & SHOP SUPERMARKET COMPANY LLC,STOP AND SHOP PHARMACY #429,1100 MASSACHUSETTS AVE,Dorchester,MA,2125,617-541-4300,2283,"332B00000X,333600000X,3336C0003X",42.326306741952,-71.066282235067,60b27268-67ce-401e-b2b0-d6ec561a99e5,Stop & Shop,107.77787513245794,False,medium,683643,7.163257956282623
1255832945,BRIGHAM AND WOMEN'S HEALTH CARE CENTER,BRIGHAM AND WOMEN'S HEALTH CARE CENTER,850 BOYLSTON ST,Chestnut Hill,MA,2467,617-732-9040,,3336C0003X,42.32644973654,-71.148537382341,,,1035.886034886692,False,review,415343,2.8664380567294243
1295684967,CVS PHARMACY INC,CVS PHARMACY #11701,32 WARREN ST,Roxbury,MA,2119,617-602-4274,,"332B00000X,333600000X,3336C0003X",42.329676565773,-71.083217983251,0f0711c5-f21f-4131-b977-1a9f84897ded,The Dimock Center,82.04874334689559,False,medium,642058,7.432156425239261
1790271294,PHARMALUXE INC,PHARMALUXE PHARMACY,50 JOHN ELIOT SQ,Roxbury,MA,2119,978-944-3903,,3336C0003X,42.329924988021,-71.091347041808,,,318.2736105609274,False,review,510479,0.14472523092584966
1043319346,CVS PHARMACY INC,CVS PHARMACY # 02070,467 CENTRE ST,Jamaica Plain,MA,2130,617-522-8062,2711,"332B00000X,333600000X,3336C0003X",42.320038403063,-71.11136731871,60a0f7d6-89e4-48fe-8d8c-d151ee082eb8,CVS Pharmacy,88.9874645768675,False,medium,275177,4.266442234194788
1407861693,WALGREEN EASTERN CO INC,WALGREENS #02330,1101 BEACON ST,Newton,MA,2461,617-332-6880,1736,"332B00000X,333600000X,3336C0003X",42.330888631975,-71.207082294596,b79ae36f-6f1d-4cca-87a4-8160a7c28b2b,WALGREENS #2330,43.36726220756994,False,medium,321187,2.9193299846031446
1043684582,GALAXY PHARMACY BOSTON INC,GALAXY PHARMACY,534 DORCHESTER AVE UNIT C-1,Boston,MA,2127,617-268-0800,DS90255,3336C0003X,42.331054530294,-71.056886148506,b6c2b5a4-6b87-4e0d-b57b-3109a802a1be,Galaxy Pharmacy,4.067642494970646,False,medium,722721,16.152012788533526
1841390275,CVS PHARMACY INC,CVS PHARMACY # 01858,1199 1201 CENTER ST,Newton,MA,2459,617-332-4900,2146,"332B00000X,333600000X,3336C0003X",42.331596648069,-71.194652235623,b4387542-16b8-4ed6-bdce-591d2a4f0866,Cvs Pharmacy,33.549511800685686,False,medium,403366,4.028515236908354
1861551699,I AND H INC,KORNFIELD DRUG,2121 WASHINGTON ST,Roxbury,MA,2119,617-427-8950,2804,"332B00000X,3336C0003X",42.331894503853,-71.081887742507,4455920f-0ca2-4239-be14-e5ed7e7a20ec,Kornfield Drug,13.250409652750612,False,medium,642469,6.949505838817014
1699473629,BOSTON MEDICAL CENTER CORPORATION,BMC PHARMACY AT CROSSTOWN,801 MASSACHUSETTS AVE,Boston,MA,2118,617-638-8220,,3336C0003X,42.333435305271,-71.07350412891,7a0f4a25-21cb-49f3-ab38-5c3b0d57707e,Cvs Pharmacy,63.0188142470596,False,medium,660552,2.2008064565071206
1194443531,"BOSTON HEALTH CARE FOR THE HOMELESS PROGRAM, INC.",BHCHP PHARMACY,780 ALBANY ST STE A,Boston,MA,2118,857-654-1790,,3336C0003X,42.334258486235,-71.072329382811,2314f814-308a-44e9-97db-1a28085858bf,"Bhavesh H. Shah, R.Ph., BCOP",75.51597391262273,False,medium,661033,4.840939420554062
1861591224,CVS PHARMACY INC,CVS PHARMACY # 01071,400 WASHINGTON ST,Brookline,MA,2446,617-277-6626,3044,"332B00000X,333600000X,3336C0003X",42.334720654656,-71.123497407198,8e8bb130-efc6-477f-86b1-23515c54621e,CVS Pharmacy,24.566512979891435,False,medium,427116,2.178935601160791
1689144982,"BRIGHAM & WOMENS HOSPITAL, INC.",BRIGHAM AND WOMEN'S OUTPATIENT PHARMACY,45 FRANCIS ST,Boston,MA,2115,617-732-6233,,3336C0003X,42.334807042369,-71.105762369723,,,140.6037644898457,False,review,500384,8.64850433243737
1083952329,BOSTON MEDICAL CENTER CORPORATION,BOSTON MEDICAL CENTER CORPORATION,725 ALBANY STREET,Boston,MA,2118,617-414-4880,,"3336C0003X,3336C0004X,3336L0003X",42.335523333941,-71.070778132351,,,128.0490297632816,False,review,661424,4.830666161341495
1356866495,WALGREEN CO,WALGREENS #17169,710 E BROADWAY,South Boston,MA,2127,617-269-5788,DS90196,"332B00000X,333600000X,3336C0003X",42.335658369898,-71.036860223269,068253ff-3ebd-446b-8bba-05cc9554c59a,Rite Aid,30.88013272697869,False,medium,725428,4.780800684158698
1629083837,WALGREEN CO,WALGREENS #03564,99 HARVARD ST,Brookline,MA,2446,617-731-4536,2760,"332B00000X,333600000X,3336C0003X",42.336231412824,-71.120738346403,7bbcad39-921e-45db-9611-855183c6f266,WALGREENS #3564,5.22732492723567,False,medium,428774,3.0321388311683317
1922107374,CVS PHARMACY INC,CVS PHARMACY #00055,1927 BEACON ST,Brighton,MA,2135,617-738-6820,3391,"332B00000X,333600000X,3336C0003X",42.33633358672,-71.14898346644,1e9feb64-5f9a-4862-8194-d0d2c16df935,Cvs Pharmacy,63.75952069439401,False,medium,411853,19.136243897705562
1922107382,CVS PHARMACY INC,CVS PHARMACY #00979,423 W BROADWAY,South Boston,MA,2127,617-269-7656,2133,"332B00000X,333600000X,3336C0003X",42.336555950563,-71.04748411239,e51d7e6f-0c70-4d45-b1b8-bd9f08dd75cf,Cvs Pharmacy,20.646698780209466,False,medium,723729,27.199112862818378
1962279109,BOSTON MEDICAL CENTER CORP,BMC PHARMACY AT SOUTH BOSTON,409 WEST BROADWAY,South Boston,MA,2127,617-638-8810,,3336C0003X,42.336804839884,-71.047868280007,e51d7e6f-0c70-4d45-b1b8-bd9f08dd75cf,Cvs Pharmacy,33.859787660044795,False,medium,734532,1.4052540888885532
1285216127,"BOSTON CHILDREN'S HEALTH SOLUTIONS RX, LLC","BOSTON CHILDREN'S HEALTH SOLUTIONS RX, LLC",283 LONGWOOD AVE,Boston,MA,2115,617-355-6810,,"3336C0003X,3336C0004X,3336S0011X",42.337789645207,-71.105038763619,c36418dd-9aa0-4a42-90c8-e48bbcddcf32,CVS/pharmacy Children's Hospital,43.09674918948655,False,medium,499769,3.274698811959059
1316046618,CVS PHARMACY INC,CVS PHARMACY #00524,350 LONGWOOD AVE,Boston,MA,2115,617-731-5753,2532,"332B00000X,333600000X,3336C0003X",42.338718619335,-71.107057487769,e55facda-be0b-4ab3-a163-b9be02299909,CVS Pharmacy,13.523720096533054,False,medium,498007,13.828123610199134
1336635614,"BETH ISRAEL LAHEY HEALTH PHARMACY, INC.","BILH PHARMACY, 364 BROOKLINE AVE, BOSTON",364 BROOKLINE AVE,Boston,MA,2215,617-667-6200,DS90256,3336C0003X,42.338804746048,-71.10732186463,e55facda-be0b-4ab3-a163-b9be02299909,CVS Pharmacy,35.328277994966825,False,medium,497990,3.42771945628748
1366250482,"NEW ENGLAND PHARMACY, LLC",NEW ENGLAND PHARMACY & WELLNESS,1655 BEACON ST,Brookline,MA,2445,617-860-1080,,"3336C0003X,3336L0003X",42.33878580511,-71.136722095863,3aebc261-5962-4c8d-af89-491928e04426,New England Pharmacy and Wellness,12.265163025504084,False,medium,441157,10.150926804627984
1780599829,NEIGHBORHEALTH PHARMACY - SOUTH END,NEIGHBORHEALTH PHARMACY - SOUTH END,1603 WASHINGTON ST,Boston,MA,2118,857-206-7330,,3336C0003X,42.338016307247,-71.074988968685,9e954f5f-95ce-488c-bc6e-c7c8a5015571,WALGREENS #6072,5.50122074461886,False,medium,656449,1.9061310575251504
1710226923,GOOD HEALTH PHARM INC.,GOOD HEALTH PHARM INC.,1690 COMMONWEALTH AVE,Brighton,MA,2135,617-322-0077,,3336C0003X,42.341355071302,-71.14637738181,e22a93f9-53c5-4bc3-9813-6e519d8ae08e,Brighton Pharmacy,8.9345882944981,False,medium,386023,2.4924427908739677
1083849525,DAISYS PHARMACY CORP,"HEALTH FIRST PHARMACY, INC.",1670 COMMONWEALTH AVE,Boston,MA,2135,617-206-3233,DS89662,3336C0003X,42.341632303658,-71.145154017116,24b40d06-e890-4e72-9d7b-f110b12bdad9,Health First Pharmacy,14.729693383211115,False,medium,384908,6.2502273067184335
1316628993,CVS PHARMACY INC,CVS PHARMACY #10868,5 WASHINGTON ST.,Brighton,MA,2135,617-487-6019,,"332B00000X,333600000X,3336C0003X",42.342282197609,-71.140099857816,f6c337f6-978f-48d1-87f2-6b6bf74f76ec,CVS Pharmacy,23.340916202305685,False,medium,441687,10.013661186119146
1659470011,CVS PHARMACY INC,CVS PHARMACY # 01212,294 HARVARD ST,Brookline,MA,2446,617-731-6860,1978,"332B00000X,333600000X,3336C0003X",42.342393731707,-71.121704029752,8a93048d-e571-4bae-a3e1-73b3b8165808,Cvs Pharmacy,42.12393702331202,False,medium,434808,7.201143573000177
1710047014,J&G EINSIDLER CORPORATION,610 TREMONT DRUG,610 TREMONT ST,Boston,MA,2118,617-262-3389,2808,"332B00000X,3336C0003X",42.342753623591,-71.073776815533,9e3a1eea-e8d1-4cc6-afee-f0b8ed55a2cb,Tremont Drug,27.582934064427647,False,medium,656250,4.524611029523465
1609255959,CVS PHARMACY INC.,CVS PHARMACY #17655,1341 BOYLSTON ST,Boston,MA,2215,612-555-5555,DS89999,"332B00000X,333600000X,3336C0003X",42.344225414945,-71.099286729408,1eebc51a-e6e0-4773-8331-d6dbd7edb3ba,Cvs Pharmacy,39.17390524253143,False,medium,491140,16.57386852279127
1821154014,ANDERSON HOLDINGS,J.E. PIERCE APOTHECARY,1180 BEACON ST,Brookline,MA,2446,617-566-4080,DS89671,3336C0003X,42.344197916156,-71.114480533082,,,565.8476197866612,False,review,496921,6.534111417826766
1013016476,CVS PHARMACY INC,CVS PHARMACY # 01259,231 MASSACHUSETTS AVE,Boston,MA,2115,617-266-6775,1974,"332B00000X,333600000X,3336C0003X",42.344486777828,-71.086453984559,73e2300d-38b5-4c25-b49e-7ec3683161fe,Nancy Edwards,25.989273624566906,False,medium,645900,6.222291196714844
1871687202,NEWTS PHARMACY LLC,MELVIN PHARMACY,1558 COMMONWEALTH AVE,Brighton,MA,2135,617-566-2281,,3336C0003X,42.344495161314,-71.142007632962,bf9f8105-53b7-4691-aa6c-59de045d7bda,Melvin Pharmacy,20.04471531414148,False,medium,444174,1.7825983191537158
1619270006,ANDERSON HOLDINGS,J.E. PIERCE APOTHECARY COMPOUNDING LAB,1093 BEACON ST BSMT BSMT,Brookline,MA,2446,617-608-3022,89745,"333600000X,3336C0003X,3336C0004X",42.344905349939,-71.110575475181,,,604.4768302529988,False,review,496434,5.7166624340396845
1457832933,CVS PHARMACY INC,CVS PHARMACY #11082,341 HARRISON AVE,Boston,MA,2118,617-556-3922,,"332B00000X,333600000X,3336C0003X",42.345121103576,-71.063838067473,6fa80303-3945-47ba-80ba-900a7f3f9812,CVS Pharmacy,16.07610275850645,False,medium,682291,21.294990415877038
1568699114,CVS PHARMACY INC,CVS PHARMACY# 08972,285 COLUMBUS AVE,Boston,MA,2116,617-236-8538,,"332B00000X,333600000X,3336C0003X",42.34644571465,-71.074654358843,4609ec2e-2cf3-4478-9b04-6682e90405a1,CVS Pharmacy,113.08408659341836,False,medium,656194,36.59222903698273
1912149493,MONA PHARMACY CORP,CENTRAL PHARMACY,1349 COMMONWEALTH AVE,Allston,MA,2134,617-254-5900,DS89966,"333600000X,3336C0003X",42.348370101547,-71.136377782286,92a83dcc-4856-4078-bb07-2cf49f1e6067,Central Pharmacy,48.84628695347766,False,medium,439135,4.918601472604186
1194383869,CVS PHARMACY INC,CVS PHARMACY #11200,800 BOYLSTON ST,Boston,MA,2199,617-880-1497,,"332B00000X,333600000X,3336C0003X",42.348748248691,-71.082130672106,760b3eb1-9443-4f6f-942f-06a54cefa1c3,ATM Walgreens,37.85016795998707,False,medium,644136,7.464010169805843
1104820679,BIOSCRIP PHARAMCY INC,BIOSCRIP PHARMACY,21 STANHOPE ST,Boston,MA,2116,617-375-7969,2944,"332B00000X,3336C0003X",42.348833032019,-71.072530666878,4bb8da46-47cd-425c-8453-46a8971642af,Community Pharmacy,39.326678555392654,False,medium,665331,7.749217839437072
1184899957,FENWAY COMMUNITY HEALTH CENTER INC,FENWAY PHARMACY SEA,142 BERKELEY ST,Boston,MA,2116,617-927-6163,ds3583,3336C0003X,42.348903588662,-71.0720192687,4bb8da46-47cd-425c-8453-46a8971642af,Community Pharmacy,79.24802495237196,False,medium,665248,14.591700669164815
1932385440,MEI SERVICES INC,PHARMALIFE BOSTON,367 WASHINGTON ST,Brighton,MA,2135,617-787-4700,3569,"332B00000X,3336C0003X",42.34919762743,-71.154099404419,4850539c-f718-444d-8818-cb3f7b9bf89a,Brighton Pharmacy,52.53486800088724,False,medium,382476,7.1912587562715835
1326147620,CVS PHARMACY INC,CVS PHARMACY # 01889,427 WASHINGTON ST,Brighton,MA,2135,617-783-2577,2816,"332B00000X,333600000X,3336C0003X",42.349162576488,-71.156398157826,326f729c-a5bf-46c6-9877-03f51a6f70a7,Cvs Pharmacy,30.12605336565836,False,medium,382190,2.2981601395739553
1477652832,CVS PHARMACY INC,CVS PHARMACY # 01206,240 NEWBURY ST,Boston,MA,2116,617-236-4007,2033,"332B00000X,333600000X,3336C0003X",42.349645859027,-71.082093678498,34ea443b-2f1b-4385-b1cd-3fbb194c7e7b,CVS Pharmacy,26.76404513100117,False,medium,644092,2.0136805618756854
1962501320,CVS PHARMACY INC,CVS PHARMACY # 01024,214 HARVARD AVE,Allston,MA,2134,617-277-6080,1544,"332B00000X,333600000X,3336C0003X",42.34962333157,-71.13036352426,16aa31dd-c957-442d-8c31-4582051aba96,CVS Pharmacy,30.75152046246884,False,medium,438057,6.745614676498149
1568916302,CVS PHARMACY INC,CVS PHARMACY #10517,91 SEAPORT BLVD,Boston,MA,2210,857-350-4646,DS90064,"332B00000X,333600000X,3336C0003X",42.349857054708,-71.041559096846,,,268.23248023914255,False,review,730174,6.2816580616774775
1568561926,CVS PHARMACY INC,CVS PHARMACY #01217,587 BOYLSTON ST,Boston,MA,2116,617-437-7916,2011,"332B00000X,333600000X,3336C0003X",42.350266404228,-71.076914621978,ef11ac46-c9b5-44cf-b568-1e84e1bf73dd,CVS Photo,15.491760012137028,False,medium,657162,16.06889293081185
1427723535,CVS PHARMACY INC,CVS PHARMACY #11201,191 STUART ST,Boston,MA,2116,617-406-2991,,"332B00000X,333600000X,3336C0003X",42.350914552565,-71.067296582941,ec6908e6-27a6-4e6f-a63f-982c4ac1f40c,CVS Pharmacy,41.51505788322475,False,medium,663601,8.833678356260439
1356990931,CAPSULE PHARMACY BOSTON LLC,CAPSULE PHARMACY BOSTON LLC,414 BOYLSTON ST,Boston,MA,2116,617-544-2898,,3336C0003X,42.351533564353,-71.071784199812,5a6cbd51-8510-4717-ab9f-141817f12afb,Capsule,58.40587956097716,False,medium,665827,5.242415310439447
1932208386,CVS PHARMACY INC,CVS PHARMACY #00107,839 WASHINGTON ST,Newton,MA,2460,617-527-8930,17796,"332B00000X,333600000X,3336C0003X",42.351628462724,-71.207657223315,8620568e-8672-4eb8-b566-59ffe1db06d9,Cvs Pharmacy,14.083119776757457,False,medium,345304,7.4009907044361
1346349636,CVS PHARMACY INC,CVS PHARMACY# 01876,900 COMMONWEALTH AVE,Boston,MA,2215,617-232-2100,2064,"332B00000X,333600000X,3336C0003X",42.35097439218,-71.115897262955,91dd92ac-8a87-4a20-be1c-5f99676915b5,CVS Pharmacy,52.76066655832442,False,medium,436167,2.3558651990146804
1386061406,CVS PHARMACY INC,CVS PHARMACY #10174,700 ATLANTIC AVE,Boston,MA,2111,617-737-7232,,"332B00000X,333600000X,3336C0003X",42.352545688264,-71.05535953407,b106a094-e2f4-40ff-a02a-e78ae3181187,Cvs Pharmacy,97.132686077424,False,medium,738070,6.491129215417407
1821197120,CVS PHARMACY INC,CVS PHARMACY # 05874,631 WASHINGTON ST,Boston,MA,2111,617-338-0128,3293,"332B00000X,333600000X,3336C0003X",42.352456623008,-71.062649062766,b2cae0b8-1ada-429b-8cd8-833292c1379b,Cvs Pharmacy,21.110895918607373,False,medium,680594,1.1187328195247512
1114298734,CVS PHARMACY INC,CVS PHARMACY# 05382,181 BRIGHTON AVE,Allston,MA,2134,617-779-7313,,"332B00000X,333600000X,3336C0003X",42.353301283733,-71.13370058109,3dcc044c-f98b-42f4-9a56-5f891a45e964,Cvs Pharmacy,44.37539631154983,False,medium,447958,4.0250355824745965
1114151339,WALGREEN CO,WALGREENS #11797,465 CAMBRIDGE ST,Allston,MA,2134,617-254-0104,DS89665,"332B00000X,333600000X,3336C0003X",42.354064115165,-71.136389543401,8daf9efd-a4c8-4c6b-9062-b8f671ff29d8,Walgreens,34.396545812641186,False,medium,447467,4.699970530055585
1306079876,CVS PHARMACY INC,CVS PHARMACY # 03890,207 MARKET ST,Brighton,MA,2135,617-254-0358,,"332B00000X,333600000X,3336C0003X",42.355534878102,-71.149571336735,e6267154-9680-4d9f-b2f4-2c11c05fe91c,Cvs Pharmacy,59.97138308217648,False,medium,380372,8.75422298080558
1316256134,WALGREEN CO,WALGREENS #13081,399 WASHINGTON ST,Newton,MA,2458,617-658-6421,DS89742,"332B00000X,333600000X,3336C0003X",42.356089058036,-71.189775519128,87897a97-e4e0-405a-a48c-59b109115a91,Walgreens Pharmacy,33.50533963257011,False,medium,348537,6.944351593195195
1114858347,INSITO HEALTH INC.,MEDFINDER,373 WASHINGTON ST STE 1009,Boston,MA,2108,617-631-8894,,3336C0003X,42.356369063914,-71.059552908894,60363859-1e96-4c5a-b187-590e2fcb6281,CVS Pharmacy,69.72552890297693,False,medium,680884,1.4865305016167603
1578662920,CVS PHARMACY INC,CVS PHARMACY #00049,333 WASHINGTON ST,Boston,MA,2108,617-426-1970,20933,"332B00000X,333600000X,3336C0003X",42.356793813223,-71.059076566716,60363859-1e96-4c5a-b187-590e2fcb6281,CVS Pharmacy,21.64331703938801,False,medium,680947,10.973931092152677
1902841430,GREENFIELD ENTERPRISES INC,GARY DRUG COMPANY,59 CHARLES ST,Boston,MA,2114,617-227-0023,DS3937,"333600000X,3336C0003X",42.357768897555,-71.070192741976,522cd674-60cf-4011-9475-7e6f35849540,Gary Drug Co.,2.368365106035781,False,medium,666447,2.2133855396249524
1366876005,ROGERS FOX GROUP INC,FOX'S DRUGSTORE,416 WATERTOWN ST,Newton,MA,2458,617-244-3535,DS89901,3336C0003X,42.359690077913,-71.202696913516,,,208.85849944294463,False,review,339201,6.693542103131506
1144329434,CVS PHARMACY INC,CVS PHARMACY #00260,155 CHARLES ST # 157,Boston,MA,2114,617-523-1028,2294,"332B00000X,333600000X,3336C0003X",42.360094694847,-71.070749291329,c372bc70-ae9a-4c71-941d-e4b11e55844e,Cvs Pharmacy,63.02836736992531,False,medium,667005,3.956302515816684
1104925569,CVS PHARMACY INC,CVS PHARMACY #01258,191 CAMBRIDGE ST,Boston,MA,2114,617-367-0441,2636,"332B00000X,333600000X,3336C0003X",42.361255369136,-71.066280686787,bb66b363-1909-4f3b-92c6-0d64e32cf904,CVS Pharmacy,49.68293976322447,False,medium,674983,4.586228519702079
1891241816,CHARLES RIVER COMMUNITY HEALTH INC,CHARLES RIVER COMMUNITY HEALTH,495 WESTERN AVE,Brighton,MA,2135,617-208-1656,DS90057,"333600000X,3336C0003X",42.3617983592,-71.144389516927,,,545.5321284452427,False,review,450724,5.358481402710766
1356061931,CVS PHARMACY INC.,CVS PHARMACY #11242,238 MAIN ST,Cambridge,MA,2142,617-528-2775,,"332B00000X,333600000X,3336C0003X",42.362226518357,-71.084626097847,eb172a1e-1f41-478b-8ecb-9365a6669865,BlueRock Therapeutics,11.312954003298044,False,medium,646431,4.924961709094221
1235238692,CVS PHARMACY INC,CVS PHARMACY # 01018,189 WATERTOWN ST,Watertown,MA,2472,617-332-5528,1537,"332B00000X,333600000X,3336C0003X",42.362198462192,-71.193432647841,bafdfed5-2b63-4aa7-ad41-8d15e6d50dad,CVS,6.10520760301397,False,medium,355709,1.7659706234694612
1467408997,SHAWS SUPERMARKETS INC,SHAWS PHARMACY #4572,370 WESTERN AVE,Brighton,MA,2135,617-782-1628,DS3218,"332B00000X,333600000X,3336C0003X",42.362834077094,-71.137533807883,,,202.59958001432548,False,review,449616,2.820171831297158
1205858966,CVS PHARMACY INC.,CVS PHARMACY #16774,550 ARSENAL ST,Watertown,MA,2472,617-924-5987,DS90016,"332B00000X,333600000X,3336C0003X",42.362773640775,-71.156458369593,,,175.53475069818614,False,review,375657,9.64596303905485
1730605098,WALGREEN CO,WALGREENS #19487,330 RIVER ST,Cambridge,MA,2139,617-492-9030,DS90185,"332B00000X,333600000X,3336C0003X",42.362027548302,-71.114054878481,61cfb6ed-5322-4dbb-a280-046a69948d80,WALGREENS #19487,19.631408177612244,False,medium,471013,5.550085787569747
1235238536,CVS PHARMACY INC,CVS PHARMACY # 01900,218 HANOVER ST,Boston,MA,2113,617-720-2981,3193,"332B00000X,333600000X,3336C0003X",42.36304456252,-71.055347703714,7c13fb4c-e5fd-4889-be89-041b93a8fda9,Cvs Pharmacy,11.80850292856356,False,medium,743836,10.049679831755702
1790083434,CVS PHARMACY INC,CVS PHARMACY# 04666,101 CANAL ST,Boston,MA,2114,617-227-0720,,"332B00000X,333600000X,3336C0003X",42.364539503827,-71.059987443491,dc5320b1-5d02-4596-a65e-098a09dfbea5,CVS Pharmacy,92.70348316420616,False,medium,679024,10.23367014531246
1922191485,ACCRX INC,ACC APOTHECARY,153 CALIFORNIA ST,Newton,MA,2458,617-527-1563,DS3530,"333600000X,3336C0003X,3336C0004X",42.364626214444,-71.194077109503,178e1632-d693-4585-a6ea-d2e72feedf0a,ACC Apothecary,5.371308632013291,False,medium,355801,10.72315459341217
1194474684,GENOA HEALTHCARE LLC,GENOA HEALTHCARE LLC,66 CANAL ST RM P,Boston,MA,2114,857-263-2201,,"332B00000X,333600000X,3336C0003X,3336L0003X",42.364686702088,-71.060381410674,dc5320b1-5d02-4596-a65e-098a09dfbea5,CVS Pharmacy,63.6464486782514,False,medium,679019,38.26935238948399
1437219466,GIANGREGORIO BROS INC.,GREEN CROSS PHARMACY,393 HANOVER ST,Boston,MA,2113,617-227-3728,3949,3336C0003X,42.365160135383,-71.053042524068,5cecc1fd-f9e1-42cc-9916-043c8310b2a2,Green Cross Pharmacy,8.362622876344991,False,medium,745289,1.491904162151072
1063511426,CVS PHARMACY INC,CVS PHARMACY # 01002,624 MASSACHUSETTS AVE,Cambridge,MA,2139,617-876-7868,3060,"332B00000X,333600000X,3336C0003X",42.365203492044,-71.103509950878,f1f3cc5d-fb97-4d63-9485-97ad52e5a262,CVS Beauty,13.756004384049708,False,medium,477306,3.7929886073305847
1255346466,WALGREEN CO,WALGREENS #06767,625 MASSACHUSETTS AVE,Cambridge,MA,2139,617-491-8157,3156,"332B00000X,333600000X,3336C0003X",42.36527247032,-71.103380593097,b8da6690-c432-4f88-9bc6-edbcf6883853,Vivian Chen,22.577730356464468,False,medium,477325,8.702639037663
1508965963,CVS PHARMACY INC,CVS PHARMACY# 01012,27 MAIN ST,Watertown,MA,2472,617-926-6660,1570,"332B00000X,333600000X,3336C0003X",42.365862071203,-71.18518864888,841364de-3362-49c1-b859-4cf3761cbcfa,Alcoholism and Drug Detox Help,31.687069430463264,False,medium,356892,6.295851396536584
1013621598,MAVERICK SPECIALTY RETAIL PHARMACY,MAVERICK SPECIALTY RETAIL PHARMACY,20 MAVERICK SQ,East Boston,MA,2128,617-568-4781,,"3336C0003X,3336S0011X",42.369477071106,-71.039559310444,1b8729f9-b352-45da-b241-93cf15b77baf,EBNHC Maverick Square Pharmacy,23.2548694130647,False,medium,750239,1.3336578477029453
1699154427,SUN HEALTH SYSTEMS,BRAVO PHARMACY,309 MAIN ST,Watertown,MA,2472,617-553-2501,,3336C0003X,42.369905392071,-71.191105777972,e86e7243-feed-49c1-9d8e-0f64ed8182d5,Bravo Pharmacy,59.77340777006647,False,medium,357872,5.361232493505645
1548737141,CVS PHARMACY INC,CVS PHARMACY #10891,225 CAMBRIDGE ST,Cambridge,MA,2141,617-528-2109,,"332B00000X,333600000X,3336C0003X",42.371065132514,-71.079762433361,080bbf79-8de9-4cf0-b0e8-e412f4c5dc57,Cvs,18.372204444628068,False,medium,652439,3.053911191023129
1477669547,CIAMPA APOTHECARY,CIAMPA APOTHECARY,425 CAMBRIDGE ST,Cambridge,MA,2141,617-547-0322,979,"332B00000X,3336C0003X",42.371508464971,-71.083192260322,,,251.52639061924145,False,review,648668,4.491118517681653
1740649029,CVS PHARMACY INC,CVS PHARMACY #10601,655 MOUNT AUBURN ST,Watertown,MA,2472,617-744-0842,DS90038,"332B00000X,333600000X,3336C0003X",42.371770558396,-71.15714251149,8ca29eb8-8ddd-4370-af30-b408bd0cd18c,CVS Pharmacy,30.531943793319712,False,medium,368875,6.925609832542563
1952400301,CVS PHARMACY INC,CVS PHARMACY #00240,6 JFK ST,Cambridge,MA,2138,617-354-4420,DS89959,"332B00000X,333600000X,3336C0003X",42.373217526352,-71.119546839852,e12aa1f0-8a9c-4a0a-90ed-3ce44fe7e0bf,CVS Pharmacy,13.421901440577946,False,medium,461498,6.185218604836834
1093814600,"INMAN PHARMACY, INC","INMAN PHARMACY, INC",1414 CAMBRIDGE STREET,Cambridge,MA,2139,617-876-4868,1111,"3336C0003X,3336L0003X",42.373772910126,-71.101608292669,05660348-cd7b-4d8c-802a-3d87675c3152,Inman Pharmacy,9.476136808561773,False,medium,479143,0.38776218382089167
1073038352,WALGREEN CO,WALGREENS #17685,14 MCGRATH HWY STE 3,Somerville,MA,2143,617-776-3000,DS90192,"332B00000X,333600000X,3336C0003X",42.374076979946,-71.083059010914,,,214.78088309823252,False,review,647750,2.380244102279712
1558427823,CAMBRIDGE PUBLIC HEALTH COMMISSION,CAMBRIDGE HEALTH ALLIANCE OUTPATIENT PHARMACY,1493 CAMBRIDGE ST,Cambridge,MA,2139,617-665-1438,3051,"3336C0003X,3336S0011X",42.374136675956,-71.103486850962,793d46cb-3d80-4ba7-8386-5c272f71ab3f,Outpatient Specialty Clinic,75.66655796817963,False,medium,476094,7.191584751173138
1790790905,WALGREEN CO,WALGREENS #05756,1 CENTRAL SQ,East Boston,MA,2128,617-569-5278,3252,"332B00000X,333600000X,3336C0003X",42.374466689445,-71.039875972632,728c004a-0857-4276-ab0a-e8eaedab9574,Walgreens Pharmacy,85.15839046719664,False,medium,748415,1.5635544745719718
1861543845,SAMUELS PHARMACY INC,SAMUELS PHARMACY INC,46 WOODSIDE AVE,Winthrop,MA,2152,617-846-2200,15095,"333600000X,3336C0003X",42.374819930605,-70.98676752938,7b8a2ac7-165f-47e0-8683-635b1bc07a37,Samuels Pharmacy Inc,15.18000117648278,False,medium,760338,3.5370002757326118
1609881804,WALGREEN EASTERN CO INC,WALGREENS #02945,16 BEACON ST,Somerville,MA,2143,617-497-5763,2251,"332B00000X,333600000X,3336C0003X",42.374761568809,-71.102186657328,5ec7db6e-1de6-4e12-b448-4debf00e3692,WALGREENS #2945,21.630407773960115,False,medium,476041,2.2691760471638576
1467462804,SKENDERIAN APOTHECARY,SKENDERIAN APOTHECARY,1613 CAMBRIDGE ST,Cambridge,MA,2138,617-354-5600,DS1058,"333600000X,3336C0003X",42.374837456664,-71.1089116411,6dd78651-a979-4645-b541-82ffad52518e,Skenderian Apothecary,4.696494618209239,False,medium,475564,1.8581854156923332
1386690816,SHAWS SUPERMARKETS INC,STAR MARKET PHARMACY #2565,699 MOUNT AUBURN ST,Cambridge,MA,2138,617-661-9337,DS2481,"332B00000X,333600000X,3336C0003X",42.375335826859,-71.145656292044,,,245.34791027084705,False,review,370315,5.091420385186157
1740389105,CVS PHARMACY INC,CVS PHARMACY# 01265,210 BORDER ST,East Boston,MA,2128,617-567-5147,1965,"332B00000X,333600000X,3336C0003X",42.375692809075,-71.039853356554,735c2b8e-43c1-4969-88cb-909b45817d09,CVS Pharmacy,72.31213878503043,False,medium,748339,2.5443467942864286
1316046766,CVS PHARMACY INC,CVS PHARMACY #00140,3 WOODSIDE AVE,Winthrop,MA,2152,617-846-9155,2729,"332B00000X,333600000X,3336C0003X",42.375796473212,-70.987547482079,14047d77-0e4a-441f-b83f-2c5f4db686c7,CVS Pharmacy,13.566345906408015,False,medium,760327,4.162964859170851
1598865925,CVS PHARMACY INC,CVS PHARMACY # 01009,21 AUSTIN ST. BUNKER HILL MALL,Charlestown,MA,2129,617-242-2950,1529,"332B00000X,333600000X,3336C0003X",42.374998417502,-71.065564785716,d97ef60e-51f9-4d52-bf08-b0e7a473428c,CVS Clinic with Carbon Health Urgent Care Charlestown,92.4313837785333,False,medium,676103,10.062734593013543
1629111554,BROWN'S REXALL DRUG STORE,BROWN'S REXALL DRUG STORE,214 WINTHROP ST,Winthrop,MA,2152,617-846-1500,1240,3336C0003X,42.376425592661,-70.984022369889,38f358df-58b6-4cc1-8e4e-ba31ab4aaf74,Brown's Rexall Drug,17.420559271218032,False,medium,760708,6.921557215756643
1285681783,HIGH PHARMACY INC,HIGH PHARMACY INC,54 HIGH ST,Charlestown,MA,2129,617-242-0415,3999,"333600000X,3336C0003X",42.376450830254,-71.063463726498,,,147.28499460334842,False,review,676479,1.517255108381087
1396767059,CVS PHARMACY INC.,CVS PHARMACY #16773,180 SOMERVILLE AVE,Somerville,MA,2143,617-776-4919,DS90015,"332B00000X,333600000X,3336C0003X",42.377416296099,-71.089744842945,844c576c-02ec-4cd0-95bd-a93553ab3732,CVS Beauty,108.11032290218763,False,medium,88160,6.000611460297455
1912006677,SHORX INC,SHORE DRUG,297 BELMONT ST,Belmont,MA,2478,617-484-7007,1285,"3336C0003X,3336C0004X,3336L0003X",42.376986028971,-71.164077966366,,,838.7956261823351,False,review,367963,4.831051388781601
1477272615,NORTH END COMMUNITY HEALTH COMMITTEE INC,NEW HEALTH CHARLESTOWN PHARMACY,15 TUFTS ST,Charlestown,MA,2129,857-238-1100,,3336C0003X,42.37837120439,-71.056750344223,,,723.1825792177914,False,review,132482,1.828054928897799
1063959633,GENOA HEALTHCARE LLC,GENOA HEALTHCARE LLC,330 RUTHERFORD AVE STE 1,Charlestown,MA,2129,617-681-7107,,"332B00000X,333600000X,3336C0003X,3336L0003X",42.379645230282,-71.071316827676,,,321.96118680883745,False,review,130172,8.713657696249811
1609215946,BELMONT PHARMACY LLC,BELMONT PHARMACY,246 TRAPELO RD,Belmont,MA,2478,617-489-1616,DS89932,3336C0003X,42.382894659668,-71.18065770531,8d43ec4b-a119-4012-a368-d5f5b2461912,Belmont Pharmacy,24.696791523074744,False,medium,807355,7.8775163855
1215453667,WALGREEN CO,WALGREENS #18091,530 SOMERVILLE AVE,Somerville,MA,2143,617-776-9320,DS90194,"332B00000X,333600000X,3336C0003X",42.383241519533,-71.106833560764,75891797-0807-4db3-b4ab-d0fcec7afc4f,Rite Aid,19.73110914152112,False,medium,57542,2.8828828894800966
1417056706,CVS PHARMACY INC,CVS PHARMACY # 01848,264 TRAPELO RD,Belmont,MA,2478,617-489-5528,3374,"332B00000X,333600000X,3336C0003X",42.38345765328,-71.181267862741,3a225d32-401b-4df7-9dc2-e27f921dcbcd,CVS Pharmacy,49.43985163716916,False,medium,807319,5.08757127738194
1447491790,CVS PHARMACY INC,CVS PHARMACY #00619,1150 SARATOGA ST,Boston,MA,2128,617-569-2638,,"332B00000X,333600000X,3336C0003X",42.384449661473,-71.000429040743,571eebb7-0249-4290-bd6f-3ce82fb2892d,CVS Pharmacy,95.02208778780354,False,medium,237491,21.828344958337993
1730604893,WALGREEN CO,WALGREENS #17165,1740 MASSACHUSETTS AVE,Cambridge,MA,2138,617-876-7662,DS90184,"332B00000X,333600000X,3336C0003X",42.3847818453,-71.11954547163,6917a707-44d9-489e-b9e0-6f1abfab5170,Walgreens,19.761675615676303,False,medium,55506,2.635914557292366
1922524339,WALGREEN CO,WALGREEN CO,971 BENNINGTON ST,East Boston,MA,2128,617-561-0610,DS90116,"332B00000X,333600000X,3336C0003X",42.385803168115,-71.009038330787,,,132.55608661013298,False,review,236501,6.07431512988222
1194771626,SHAWS SUPERMARKETS INC,SHAWS PHARMACY #2583,535 TRAPELO RD,Belmont,MA,2478,617-489-6542,DS3194,"332B00000X,333600000X,3336C0003X",42.388369295834,-71.191704243806,785c3b01-d08c-43ec-9c62-677e64310ba3,Albertsons Pharmacy,64.92522163802931,False,medium,799134,5.268808625665109
1144329509,CVS PHARMACY INC,CVS PHARMACY # 01022,215 ALEWIFE BROOK PKWY,Cambridge,MA,2138,617-661-6422,1556,"332B00000X,333600000X,3336C0003X",42.389811625692,-71.142567834618,c6b5feda-6837-448b-887b-3e8949852011,ATM CVS,64.7040160545567,False,medium,825854,5.633099617065424
1043242936,THE STOP & SHOP SUPERMARKET COMPANY LLC,STOP AND SHOP PHARMACY #498,771 MCGRATH HIGHWAY,Somerville,MA,2145,617-666-1404,3350,"332B00000X,333600000X,3336C0003X",42.39055982668,-71.087140462059,,,469.5142758841984,False,review,85758,1.1882338470695788
1366061061,GENOA HEALTHCARE LLC,GENOA HEALTHCARE LLC,301 BROADWAY STE P,Chelsea,MA,2150,253-218-0830,,"332B00000X,333600000X,3336C0003X,3336L0003X",42.391104159301,-71.036929842368,c71dd038-7ff8-4005-ac52-d11aa0289b00,CVS Pharmacy,93.07094790467204,False,medium,216669,52.98056856189559
1982880001,CVS PHARMACY INC,CVS PHARMACY #00496,324 BROADWAY,Chelsea,MA,2150,617-889-1529,,"332B00000X,333600000X,3336C0003X",42.391379887917,-71.036697241902,c71dd038-7ff8-4005-ac52-d11aa0289b00,CVS Pharmacy,56.977907437842745,False,medium,216886,52.2571812404029
1952405458,MARGOLIS PHARMACY INC,MARGOLIS PHARMACY INC,447 BROADWAY,Chelsea,MA,2150,617-884-3524,2974,"333600000X,3336C0003X",42.392619240544,-71.034280405375,df7b7621-b94e-4ddf-8a02-6d22a03ac21d,Margolis Pharmacy,19.015302855693157,False,medium,217070,5.624952019228276
1417472663,WALGREEN CO,WALGREENS #17531,343 BROADWAY,Somerville,MA,2145,617-628-1010,DS90195,"332B00000X,333600000X,3336C0003X",42.393474836103,-71.094783314951,ada2d97a-ad65-4a9f-90fe-43735a6be632,WALGREENS #17531,25.212228729609148,False,medium,83553,3.284933599629755
1770505430,CVS PHARMACY INC.,CVS PHARMACY #16584,1 MYSTIC VIEW RD,Everett,MA,2149,617-420-0001,DS90018,"332B00000X,333600000X,3336C0003X",42.394779943373,-71.065358022823,,,742.704860689383,False,review,131493,6.8847459753505165
1740871714,CVS PHARMACY INC,CVS PHARMACY #11400,495 GRAND UNION BLVD,Somerville,MA,2145,617-616-1065,,"332B00000X,333600000X,3336C0003X",42.393960035757,-71.080587622836,5f3a4803-41f0-4f47-a95f-7bf6b7ea2841,CVS Pharmacy,14.097223471147544,False,medium,108332,4.345939729795014
1588774103,COSTCO WHOLESALE CORPORATION,COSTCO WHOLESALE CORPORATION,2 MYSTIC VIEW RD,Everett,MA,2149,617-544-4805,DS3211,"333600000X,3336C0003X",42.395126643741,-71.073977850694,,,445.8724199402898,False,review,108012,27.082960391272824
1437674660,WALGREEN CO,RITE AID #17906,393 HIGHLAND AVE,Somerville,MA,2144,617-776-7730,DS90393,"332B00000X,333600000X,3336C0003X",42.395583870413,-71.120063080105,,,230.44290858794835,False,review,833734,15.353283870886491
1710086178,CVS PHARMACY INC,CVS PHARMACY #00714,532 MEDFORD ST,Somerville,MA,2145,617-628-1401,24892,"332B00000X,333600000X,3336C0003X",42.396635059721,-71.103931784406,5455e716-8af7-4d2c-ad48-cbea66d755dd,CVS Pharmacy,56.32490920293992,False,medium,50756,14.672321836368257
1477741221,CVS PHARMACY INC,CVS PHARMACY #08319,1 DAVIS SQ,Somerville,MA,2144,617-629-4156,,"332B00000X,333600000X,3336C0003X",42.396645415895,-71.122288602015,abcae2cf-e5df-4002-a5d4-b9392f615d45,CVS Pharmacy,49.36295928380857,False,medium,834123,2.5092903215864393
1083413264,UNION PHARMACY STORE 6,UNION PHARMACY BELMONT,43 LEONARD ST,Belmont,MA,2478,857-394-1025,,3336C0003X,42.397254542126,-71.175488942768,e081dd0a-03bf-442c-a07f-08261e6729b7,CVS Pharmacy,117.04626542912496,False,medium,812768,6.537602680507921
1285906313,SACRED POWER USA LLC,BOSTON COMMUNITY PHARMACY,180 EVERETT AVE,Chelsea,MA,2150,617-884-0404,DS89806,"333600000X,3336C0003X",42.397014531683,-71.040151022576,,,660.4644235996823,False,review,201517,6.532597367135469
1699874040,CVS PHARMACY INC,CVS PHARMACY # 00025,89 LEONARD ST,Belmont,MA,2478,617-489-3669,2238,"332B00000X,333600000X,3336C0003X",42.39820087162,-71.174641871438,e081dd0a-03bf-442c-a07f-08261e6729b7,CVS Pharmacy,9.779699078807733,False,medium,812773,6.074897889317971
1972603314,CVS PHARMACY INC,CVS PHARMACY #00130,23 25 MASSACHUSETTS AVE ALWIFE PLZ,Arlington,MA,2474,617-648-0557,2535,"332B00000X,333600000X,3336C0003X",42.401869307193,-71.137317192538,335f91b4-bc9f-4ce4-bf3c-8814e7a1ba33,CVS Pharmacy,27.716240973390136,False,medium,1340,2.693690239904567
1518972702,WALGREEN EASTERN CO INC,WALGREENS #03759,1010 BROADWAY,Chelsea,MA,2150,617-884-0917,2701,"332B00000X,333600000X,3336C0003X",42.402622906479,-71.019092876033,d0033f7c-c8a8-4f64-aab3-4e8b032c7348,ATM Walgreens,12.899881743408306,False,medium,233283,5.13999077342928
1518998079,WALGREEN CO,WALGREEN CO,49 STATION LNDG,Medford,MA,2155,781-393-5693,3460,"332B00000X,333600000X,3336C0003X",42.403682698406,-71.080695235182,,,284.55352630752213,False,review,109685,30.25850820992309
1649127069,EAST WEST PHARMACY LLC,EAST WEST PHARMACY LLC,1210 BROADWAY,Somerville,MA,2144,617-539-8003,,3336C0003X,42.404218898265,-71.129079620127,,,697.8172617252001,False,review,3690,2.451514104409432
1770669988,MAIDA PHARMACY INC,MAIDA PHARMACY INC,121 MASSACHUSETTS AVE,Arlington,MA,2474,781-643-7840,DS2822,"333600000X,3336C0003X,3336C0004X",42.403977341286,-71.139881335668,d12a0086-6e90-426b-bc63-33a2be0d3547,Maida Pharmacy Compounding and Wellness,15.051486114518198,False,medium,10595,6.91658986130292
1639225899,PRESCRIPTION SHOPPE INC,PRESCRIPTION SHOPPE,378 BROADWAY,Everett,MA,2149,617-389-7440,DS6654,3336C0003X,42.405328425695,-71.057203731766,b40d6424-6fef-472c-bc4b-873eeb61aaaa,ATM Walgreens,95.787233405263,False,medium,136795,2.7500613334107213
1336665686,WALGREEN CO,WALGREENS #17728,405 BROADWAY,Everett,MA,2149,617-387-0005,DS90161,"332B00000X,333600000X,3336C0003X",42.406163605608,-71.056208609659,238f49fc-8338-4018-aa9a-27345a712111,Rite Aid,9.212051117198513,False,medium,136258,1.8412364835708916
1760804397,SEASIDE PHARMACY INC.,SEASIDE PHARMACY INC.,169 SHIRLEY AVE,Revere,MA,2151,781-284-6525,,3336C0003X,42.407586408918,-70.994431047636,c60522a1-4560-4960-b910-cb639891a74b,Seaside Pharmacy,4.1576993008482175,False,medium,253224,30.561638117074803
1790599652,CAMBRIDGE PUBLIC HEALTH COMMISSION,CAMBRIDGE HEALTH ALLIANCE OUTPATIENT PHARMACY MEDFORD,1 CABOT RD,Medford,MA,2155,617-591-6820,,3336C0003X,42.408839575624,-71.086361638267,,,454.5039274519776,False,review,23120,11.468479581824093
1912953449,SHAWS SUPERMARKETS INC,SHAWS SUPERMARKETS INC,61 LOCUST ST,Medford,MA,2155,781-395-3233,DS3037,"332B00000X,333600000X,3336C0003X",42.40795644322,-71.093227252988,,,730.6035459375536,False,review,25018,13.695332472829733
1598864944,CVS PHARMACY INC,CVS PHARMACY #00026,590 FELLSWAY,Medford,MA,2155,781-391-2668,2912,"332B00000X,333600000X,3336C0003X",42.409915700277,-71.084759275595,,,502.63896999602247,False,review,23267,1.0523925162111833
1790790988,WALGREEN EASTERN CO INC,WALGREENS #01864,324 MASSACHUSETTS AVE,Arlington,MA,2474,781-643-4112,1370,"332B00000X,333600000X,3336C0003X",42.410190930694,-71.147661489388,fd503a2b-2378-43ff-b807-203454305dbe,WALGREENS #1864,64.34961638596734,False,medium,11614,16.49608951682556
1326053513,WALGREEN CO.,WALGREENS #10824,430 BROADWAY,Revere,MA,2151,781-289-3607,1377,"332B00000X,333600000X,3336C0003X",42.410900805342,-71.011891755201,f53809ad-79e3-43f7-a806-522d2c56b2d5,WALGREENS #10824,7.603940271320583,False,medium,234187,7.014210440154853
1134812647,CAMBRIDGE PUBLIC HEALTH COMMISSION,CAMBRIDGE HEALTH ALLIANCE OUTPATIENT PHARMACY REVERE,454 BROADWAY,Revere,MA,2151,781-485-8272,,3336C0003X,42.411315299626,-71.01161827422,14d22efe-7087-48d9-be8c-1a080c0967bb,Rite Aid,15.676763775352503,False,medium,241376,15.832861090101039
1659471084,MAXI DRUG INC,RITE AID PHARMACY 10166,467 BROADWAY,Revere,MA,2151,781-289-8656,3135,"332B00000X,3336C0003X",42.411585657838,-71.011272010953,14d22efe-7087-48d9-be8c-1a080c0967bb,Rite Aid,54.134571941268,False,medium,234149,21.9440751023079
1245245430,WALGREEN CO,WALGREENS #03496,317 FERRY ST,Everett,MA,2149,617-389-2188,2539,"332B00000X,333600000X,3336C0003X",42.413753237952,-71.04645102043,,,134.06468369397027,False,review,193464,1.221061010367998
1306152863,CVS PHARMACY INC,CVS PHARMACY# 00278,833 MASSACHUSETTS AVE,Arlington,MA,2476,781-643-4272,,"332B00000X,333600000X,3336C0003X",42.416880124009,-71.160640404711,ffe1493f-8109-4fda-b47d-6e91aa91f742,CVS Photo,17.539819980977352,False,medium,785292,6.742976864158548
1699874057,CVS PHARMACY INC,CVS PHARMACY #01010,85 HIGH ST,Medford,MA,2155,617-396-4771,1530,"332B00000X,333600000X,3336C0003X",42.4188067207,-71.111720034583,0625773c-a876-443d-81bd-766276e89eaf,CVS Pharmacy,50.27746961755452,False,medium,32180,1.1453531126926153
1295182301,CAMBRIDGE PUBLIC HEALTH COMMISSION,CAMBRIDGE HEALTH ALLIANCE OUTPATIENT PHARMACY MALDEN,195 CANAL ST ATTN: OUTPATIENT PHARMACY,Malden,MA,2148,781-338-8990,,3336C0003X,42.42089140055,-71.072391474107,89c31c0f-ef4a-4243-b05b-4fddb03292fb,CHA Malden Pharmacy,114.20321643488504,False,medium,171501,14.605081393772258
1275545857,SHORE PHARMACY,SHORE PHARMACY,429 HIGH ST,Medford,MA,2155,781-395-4420,2621,"332B00000X,333600000X,3336C0003X",42.421188433752,-71.130705535021,,,242.5269050671729,False,review,7125,6.605047540490012
1831617976,WALGREEN CO,WALGREENS #19460,491 HIGH ST,Medford,MA,2155,781-646-9622,DS90146,"332B00000X,333600000X,3336C0003X",42.421367902945,-71.133484467353,8c5f9427-dd6d-470f-9dc6-b22db8d7d3c1,Rite Aid,14.771101744213349,False,medium,7049,11.466733708293454
1245262120,"THE STOP & SHOP SUPERMARKET COMPANY, LLC",STOP AND SHOP PHARMACY #62,99 CHARLES ST,Malden,MA,2148,781-397-0050,2205,"332B00000X,333600000X,3336C0003X",42.423537406453,-71.072034336821,3a1a4c4e-fcfd-41c0-aa74-23f979359a2e,Stop & Shop,101.82053625008623,False,medium,171921,4.294391533760627
1518483866,WALGREEN CO,WALGREENS #19536,467 SALEM ST,Medford,MA,2155,781-396-8350,DS90148,"332B00000X,333600000X,3336C0003X",42.423799155945,-71.090083113608,8a413181-c157-444e-90c4-9560fe690209,Rite Aid,20.94010421211185,False,medium,21997,11.552417453562983
1568953529,"CVS PHARMACY, INC.",CVS PHARMACY #17736,471 SALEM ST,Medford,MA,2155,781-396-1001,,"332B00000X,333600000X,3336C0003X",42.423921407292,-71.089898378248,8a413181-c157-444e-90c4-9560fe690209,Rite Aid,41.14422121760344,False,medium,21817,6.216072166204503
1427680743,CAMBRIDGE PUBLIC HEALTH COMMISSION,CAMBRIDGE HEALTH ALLIANCE SPECIALTY PHARMACY,350 MAIN STREET SUITE 640,Malden,MA,2148,781-338-0670,,"3336C0003X,3336L0003X,3336S0011X",42.425398177589,-71.067783963836,d5a1ea9a-f140-4a44-9474-623eab0a4ed4,Cambridge Health Alliance Specialty Pharmacy,40.41189673782032,False,medium,170286,6.770489808484821
1538174743,WALGREEN CO,WALGREENS #03112,1425 MASSACHUSETTS AVE,Arlington,MA,2476,781-646-3869,2798,"332B00000X,333600000X,3336C0003X",42.425006481128,-71.187537811877,64ffbd42-65c3-40cc-b505-9cd9b81354a2,WALGREENS #3112,8.437726162828845,False,medium,792989,6.391628463334003
1902905367,CVS PHARMACY INC,CVS PHARMACY #00672,32 FERRY ST,Malden,MA,2148,617-324-1101,DS89987,"332B00000X,333600000X,3336C0003X",42.426124916862,-71.06578349033,c8125028-d36c-45b3-ba5f-38bda96c0f30,CVS Pharmacy,22.223884086427727,False,medium,158745,9.065646542205883
1427060102,ELMWOOD PHARMACY,ELMWOOD PHARMACY,299 PLEASANT ST,Malden,MA,2148,781-322-2117,9460,3336C0003X,42.427240898561,-71.075589627746,,,471.4907718574218,False,review,172765,11.586957970822034
1184700098,THE FORTY-FOUR WILLOW STREET CORP.,SHAN LOR DRUG,44 WILLOW ST,Malden,MA,2148,781-324-0400,9573,3336C0003X,42.426950974642,-71.053408113758,,,869.4977657957079,False,review,157244,6.952113335049341
1154420511,CVS PHARMACY INC,CVS PHARMACY #01001,1080 EASTERN AVE,Malden,MA,2148,781-322-5890,1523,"332B00000X,333600000X,3336C0003X",42.430474613701,-71.038939053196,b0e330b0-469d-4ccb-91f7-93500a44906b,CVS Pharmacy,67.08227146325837,False,medium,178516,9.537337894585548
